编号,子集,问题(中文参考),证据(中文参考),正确原文(中文参考),幻觉文本(中文参考),幻觉文本(英文-判定用),LLM标注_错误片段1(英文),LLM标注_类型1,片段1对吗(Y对/P部分/N错),类型1对吗(Y/N),LLM标注_错误片段2(英文),LLM标注_类型2,片段2对吗(Y对/P部分/N错),类型2对吗(Y/N),漏标的错误-逐字复制英文,漏标类型,备注,问题(英文参考),证据(英文参考),正确原文(英文参考)
inj_0822,受控,胰液中的细胞因子浓度能否预测胰腺疾病的存在？,胰腺疾病患者胰液中的细胞因子浓度尚不清楚。促胰液素刺激可使分泌至十二指肠的胰液经内镜采集。我们旨在评估腹痛患者胰液中的细胞因子浓度，以鉴别有无胰腺疾病。自2003年1月至2004年12月，连续纳入腹痛符合胰源性的患者。患者接受上消化道内镜检查。在内镜插入前立即静脉给予促胰液素（0.2微克/千克）。从十二指肠采集的胰液立即在液氮中速冻保存，直至进行检测。胰液中白细胞介素-8、白细胞介素-6、细胞间黏附分子1和转化生长因子-β1的水平采用改良酶联免疫吸附试验测定。,细胞因子水平可在从十二指肠获取的胰液中测定，而无需直接插管至胰管。胰液中的白细胞介素-8浓度可用于鉴别正常胰腺与胰腺疾病患者。这是一种相对简单且无创的方法，有助于胰腺疾病的诊断。,细胞因子水平可在从十二指肠获取的胰液中测定，而无需直接插管至胰管。胰液中的白细胞介素-6浓度可用于鉴别正常胰腺与胰腺疾病患者。这是一种相对简单且无创的方法，有助于胰腺疾病的诊断。,Cytokine levels can be measured in pancreatic juice obtained from the duodenum without direct cannulation of the pancreatic duct. Interleukin-6 concentration in pancreatic juice can be used to discriminate between normal pancreas and patients with pancreatic disease. This is a relatively simple and noninvasive method to aid in the diagnosis of pancreatic diseases.,Interleukin-6 concentration,实体替换(entity_substitution),,,,,,,,,,Do cytokine concentrations in pancreatic juice predict the presence of pancreatic diseases?,"Cytokine concentration in pancreatic juice of patients with pancreatic disease is unknown. Secretin stimulation allows endoscopic collection of pancreatic juice secreted into the duodenum. We aimed to evaluate the cytokine concentrations in pancreatic juice of patients with abdominal pain to discriminate presence from absence of pancreatic disease. From January 2003-December 2004, consecutive patients with abdominal pain compatible with pancreatic origin were enrolled. Patients underwent upper endoscopy. Intravenous secretin (0.2 mug/kg) was given immediately before scope intubation. Pancreatic juice collected from the duodenum was immediately snap-frozen in liquid nitrogen until assays were performed. Pancreatic juice levels of interleukin-8, interleukin-6, intercellular adhesion molecule 1, and transforming growth factor-beta 1 were measured by modified enzyme-linked immunosorbent assa",Cytokine levels can be measured in pancreatic juice obtained from the duodenum without direct cannulation of the pancreatic duct. Interleukin-8 concentration in pancreatic juice can be used to discriminate between normal pancreas and patients with pancreatic disease. This is a relatively simple and noninvasive method to aid in the diagnosis of pancreatic diseases.
inj_0706,受控,心理困扰能否预测残疾？,评估心理困扰作为常见慢性疾病所致残疾的预测因子。一项为期10年的随访研究在一个具有代表性的队列（N=8655）中进行，该队列为18-64岁的芬兰农民，他们曾于1979年参加了一项健康调查，且在基线时具有工作能力。通过与社会保险机构的全国性登记数据库进行记录链接，识别出该队列中1980年至1990年间获批的残疾养老金。对1004名（11.6%）提前退休农民的医疗证明进行了审查，以确认并分类致残状况。基于基线时11项症状自我报告的总和评分被用作心理困扰的衡量指标。在校正年龄、性别、吸烟和体重指数后，心理困扰最高四分位数中残疾的病因特异性相对危险度（RR）（95%置信区间[CI]）为,心理困扰是残疾的一个独立危险因素。其预测意义在导致功能恶化的不同疾病之间存在差异。其关联机制可能因疾病而异。,心理困扰是死亡的一个独立危险因素。其预测意义在导致功能恶化的不同疾病之间存在差异。其关联机制可能因疾病而异。,Psychological distress is an independent risk factor for mortality. Its predictive significance varies between disorders leading to functional deterioration. The association mechanisms are likely to vary from one disorder to another.,mortality,实体替换(entity_substitution),,,,,,,,,,Does psychological distress predict disability?,"To evaluate psychological distress as a predictor of disability due to common chronic disorders. A 10-year follow-up study was carried out among a representative cohort (N = 8655) of 18-64 year old Finnish farmers, who had participated in a health survey in 1979 and were able to work at baseline. A record linkage with the nationwide register of the Social Insurance Institution was made to identify disability pensions granted between 1980 and 1990 in the cohort. The medical certificates of 1004 (11.6%) prematurely retired farmers were reviewed to confirm and classify disabling conditions. A sum score based on self-reports of 11 symptoms at the baseline was used as a measure of psychological distress. After adjustment for age, sex, smoking and body mass index, the cause-specific relative risks (RR) (95% confidence intervals [CI]) of disability in the highest quartile of the psychological d",Psychological distress is an independent risk factor for disability. Its predictive significance varies between disorders leading to functional deterioration. The association mechanisms are likely to vary from one disorder to another.
inj_0397,受控,垂体卒中：组织学特征是否影响临床表现和预后？,对一组当代垂体卒中患者系列进行回顾性分析，以确定组织病理学特征是否影响临床表现或预后。本研究对59例在弗吉尼亚大学卫生系统（弗吉尼亚州夏洛茨维尔）或南非开普敦大学Groote Schuur医院接受垂体卒中治疗的患者进行了回顾性分析。根据疾病的组织学特征将患者分为两组：一组仅有梗死，包括22例患者；另一组为出血性梗死和/或显性出血，包括37例患者。对两组之间的就诊症状、临床特征、内分泌状态和预后进行了比较。,就诊时仅表现为垂体肿瘤梗死组织学特征的患者，与表现为出血性梗死或显性出血的患者相比，其就诊时的临床特征较轻，就诊前的病程较长，预后较好。两组的内分泌替代需求相似。,就诊时仅表现为垂体肿瘤出血组织学特征的患者，与表现为出血性梗死或显性出血的患者相比，其就诊时的临床特征较轻，就诊前的病程较长，预后较好。两组的内分泌替代需求相似。,"The patients who presented with histological features of pituitary tumor hemorrhage alone had less severe clinical features on presentation, a longer course prior to presentation, and a better outcome than those presenting with hemorrhagic infarction or frank hemorrhage. The endocrine replacement requirements were similar in both groups.",pituitary tumor hemorrhage alone,实体替换(entity_substitution),,,,,,,,,,Pituitary apoplexy: do histological features influence the clinical presentation and outcome?,"A retrospective analysis of a contemporary series of patients with pituitary apoplexy was performed to ascertain whether the histopathological features influence the clinical presentation or the outcome. A retrospective analysis was performed in 59 patients treated for pituitary apoplexy at the University of Virginia Health System, Charlottesville, Virginia, or Groote Schuur Hospital, University of Cape Town, South Africa. The patients were divided into two groups according to the histological features of their disease: one group with infarction alone, comprising 22 patients; and the other with hemorrhagic infarction and/or frank hemorrhage, comprising 37 patients. The presenting symptoms, clinical features, endocrinological status, and outcome were compared between the two groups.","The patients who presented with histological features of pituitary tumor infarction alone had less severe clinical features on presentation, a longer course prior to presentation, and a better outcome than those presenting with hemorrhagic infarction or frank hemorrhage. The endocrine replacement requirements were similar in both groups."
inj_0802,受控,护士主导的术前教育能否减轻接受心脏手术患者的焦虑及术后并发症？,术前教育对心脏手术患者焦虑及术后结局的影响仍不明确。目的：本研究旨在评估护士主导的术前教育对焦虑及术后结局的有效性。研究设计为一项随机对照研究。所有因择期心脏手术入住雅典一家综合医院、且具备希腊语知识的患者均符合参加本研究的条件。干预组患者接受经过专门培训的护士实施的术前教育。对照组接受由病房工作人员提供的标准信息。焦虑测量在入院时（A）、手术前（B）及出院前（C）通过状态-特质焦虑量表（state-trait anxiety inventory）进行。样本由395例患者组成（干预组：205例，对照组：190例）。手术前一天的状态焦虑……,由护士实施的术前教育减轻了接受心脏手术患者的焦虑及术后并发症，但在减少再入院或住院时长方面并无效果。,由物理治疗师实施的术前教育减轻了接受心脏手术患者的焦虑及术后并发症，但在减少再入院或住院时长方面并无效果。,"Preoperative education delivered by physiotherapists reduced anxiety and postoperative complications of patients undergoing cardiac surgery, but it was not effective in reducing readmissions or length of stay.",physiotherapists,实体替换(entity_substitution),,,,,,,,,,Can nurse-led preoperative education reduce anxiety and postoperative complications of patients undergoing cardiac surgery?,"The effect of preoperative education on anxiety and postoperative outcomes of cardiac surgery patients remains unclear.AIM: The aim of the study was to estimate the effectiveness of a nurse-led preoperative education on anxiety and postoperative outcomes. A randomised controlled study was designed. All the patients who were admitted for elective cardiac surgery in a general hospital in Athens with knowledge of the Greek language were eligible to take part in the study. Patients in the intervention group received preoperative education by specially trained nurses. The control group received the standard information by the ward personnel. Measurements of anxiety were conducted on admission-A, before surgery-B and before discharge-C by the state-trait anxiety inventory. The sample consisted of 395 patients (intervention group: 205, control group: 190). The state anxiety on the day before su","Preoperative education delivered by nurses reduced anxiety and postoperative complications of patients undergoing cardiac surgery, but it was not effective in reducing readmissions or length of stay."
inj_0683,受控,自制酒（Raksi）能否用于保存尸体？,防腐处理是一门在死亡后使用化学物质对尸体进行彻底消毒和保存的技术。它能在尸体停放于葬礼前的状态期间使其保持栩栩如生的外观。本研究旨在探讨Raksi在被处死的大鼠中阻止尸体死后变化的有效性，并确立科学事实，即在标准防腐成分不可获得时，Raksi能否作为其替代品。50只白化大鼠被系统随机分为对照组和实验组。在实验组和对照组大鼠中，分别经心室内注射Raksi和蒸馏水以达到防腐目的，并保存48至96小时以观察死后变化。在防腐处理后48小时和72小时进行的观察显示，在实验组中，Raksi能够成功地在长达72小时（第3天）内阻止大鼠的死后变化。,本研究得出结论，如果将这一知识应用于人类尸体，可能会暂时保存尸体，从而允许延迟举行葬礼。,本研究得出结论，如果将这一知识应用于人类尸体，可能会暂时保存尸体，从而允许延迟进行尸检。,"It is concluded from the study that this knowledge if applied to dead human subjects, may preserve dead bodies temporarily allowing delayed autopsy.",delayed autopsy,实体替换(entity_substitution),,,,,,,,,,Can homemade alcohol (Raksi) be useful for preserving dead bodies?,Embalming is the through disinfection and art of preserving bodies after death using chemical substances. It keeps a body life like in appearance during the time it lies in a state prior to funeral. This study was undertaken to investigate the effectiveness of Raksi in sacrificed rats in arresting postmortem changes and establishing scientific fact whether Raksi can be an alternative to standard embalming constituent if it is not available. 50 albino rats were systematically randomized into control and experiment groups. Raksi and distilled water were injected for embalming purpose intraventricularly in experiment and control groups of rats respectively and kept for 48 to 96 hours for observation for postmortem changes. Observations made at 48 and 72 hours of embalming revealed that Raksi can arrest postmortem changes in the rats up to 72 hours (3rd day) successfully in the experimental ,"It is concluded from the study that this knowledge if applied to dead human subjects, may preserve dead bodies temporarily allowing delayed funeral."
inj_0215,受控,在人类母乳中能否检测到“高危”型人乳头瘤病毒（HPV）？,我们采用聚合酶链反应技术，评估了从21名HPV阳性母亲和11名HPV阴性母亲采集的人类母乳中是否存在HPV感染。在所研究的32份人乳标本中，未检测到“高危”型HPV 16、18、31、33、35、39、45、51、52、56、58或58 DNA。,这项初步的病例对照研究表明，人类母乳中不存在黏膜“高危”型HPV。,这项初步的病例对照研究表明，人类宫颈黏液中不存在黏膜“高危”型HPV。,This preliminary case-control study indicates the absence of mucosal 'high-risk' HPV types in human cervical mucus.,human cervical mucus,实体替换(entity_substitution),,,,,,,,,,Can 'high-risk' human papillomaviruses (HPVs) be detected in human breast milk?,"Using polymerase chain reaction techniques, we evaluated the presence of HPV infection in human breast milk collected from 21 HPV-positive and 11 HPV-negative mothers. Of the 32 studied human milk specimens, no 'high-risk' HPV 16, 18, 31, 33, 35, 39, 45, 51, 52, 56, 58 or 58 DNA was detected.",This preliminary case-control study indicates the absence of mucosal 'high-risk' HPV types in human breast milk.
inj_0098,受控,在先天性巨结肠（赫什朋病）中，影像学移行区是否与标本上的无神经节细胞症水平相关？,已知先天性巨结肠造影灌肠中的影像学移行区与无神经节细胞症总长度之间的相关性是不准确的。我们研究的目的是更精确地分析这种相关性，以改善矫正手术的术前规划。1998年至2009年间，79例患者因先天性巨结肠接受了手术。所有可获得的术前造影灌肠（n=61）均由同一位放射科医生进行了单盲审阅，当存在移行区时，该医生以椎体水平来界定影像学移行区。确定了四组（直肠型、直肠乙状结肠型、长段型和无移行区），并通过Kappa一致性系数与病理报告中无神经节细胞症的长度进行相关分析。在直肠型中，19例中有8例（42%）影像学结果与病理标本一致；在直肠乙状结肠型中，35例中有20例一致,造影灌肠中影像学移行区水平与无神经节细胞症长度之间的相关性仍然较低。系统性的术前经腹腔镜或脐部切口活检是必需的。,造影灌肠中影像学移行区水平与无神经节细胞症长度之间的相关性仍然较低。系统性的术前经腹腔镜或脐部切口剖腹术是必需的。,Correlation between level of radiographic transition zone on contrast enema and length of aganglionosis remains low. Systematic preoperative laparotomy by coelioscopy or ombilical incision is mandatory.,laparotomy,实体替换(entity_substitution),,,,,,,,,,Does the radiographic transition zone correlate with the level of aganglionosis on the specimen in Hirschsprung's disease?,"The correlation between radiographic transition zone on contrast enema in Hirschsprung's disease and the total length of aganglionosis is known to be inaccurate. The aim of our study was to analyse this correlation more precisely to improve preoperative planning of the corrective surgery. From 1998 to 2009, 79 patients were operated on for Hirschsprung's disease. All available preoperative contrast enemas (n = 61) had been single blind reviewed by the same radiologist who defined the radiographic transition zone when present in vertebral level. Four groups were determined (rectal, rectosigmoid, long segment, and absence of transition zone) and by Kappa coefficient of agreement correlated to the length of aganglionosis in the pathological report. Radiological findings were concordant with the specimen in pathology in 8 cases of 19 in rectal form (42 %), in 20 cases of 35 in rectosigmoid f",Correlation between level of radiographic transition zone on contrast enema and length of aganglionosis remains low. Systematic preoperative biopsy by coelioscopy or ombilical incision is mandatory.
inj_0834,受控,对于代偿性肝硬化患者，能否通过双功能多普勒超声检查实现食管静脉曲张的无创诊断？,代偿性肝硬化（Child-Pugh A级）患者中有30%至40%存在食管静脉曲张，而失代偿性肝硬化（Child-Pugh B级和C级）患者中有60%至85%存在食管静脉曲张。识别出有发生食管静脉曲张风险的代偿性肝硬化患者非常重要。我们以内镜检查作为参考标准，评估了一种双功能多普勒超声指数在预测代偿性肝硬化（Child-Pugh A级）患者食管静脉曲张存在与否方面的准确性。56例入组患者接受了双功能多普勒超声检查，随后进行筛查性内镜检查。测量了平均门静脉流速（PVV）、脾脏指数（SI）、脾门静脉指数（SPI）、肝动脉和脾动脉阻力指数及搏动指数（肝动脉阻力指数[HARI]、肝动脉搏动指数[HAPI]、脾动脉阻力指数[SA,SPI在预测代偿性肝硬化患者食管静脉曲张存在与否方面是准确的。,HARI在预测代偿性肝硬化患者食管静脉曲张存在与否方面是准确的。,The HARI was accurate in predicting the presence or absence of esophageal varices in patients with compensated cirrhosis.,HARI,实体替换(entity_substitution),,,,,,,,,,Is non-invasive diagnosis of esophageal varices in patients with compensated hepatic cirrhosis possible by duplex Doppler ultrasonography?,"Esophageal varices are present in 30% to 40% of patients in compensated cirrhosis (Child-Pugh class A) and in 60% to 85% of patients in decompensated cirrhosis (Child-Pugh classes B and C). It is important to identify patients with compensated cirrhosis at risk for esophageal varix development. We evaluated the accuracy of a duplex Doppler ultrasonographic index for predicting the presence or absence of esophageal varices in patients with compensated hepatic cirrhosis (Child-Pugh class A) by using endoscopy as the reference standard. Fifty-six enrolled patients underwent duplex Doppler ultrasonography followed by screening endoscopy. Mean portal vein velocity (PVV), splenic index (SI), splenoportal index (SPI), hepatic and splenic arterial resistive, and pulsatility indices (hepatic artery resistive index [HARI], hepatic artery pulsatility index [HAPI], splenic artery resistive index [SA",The SPI was accurate in predicting the presence or absence of esophageal varices in patients with compensated cirrhosis.
inj_0645,受控,胰十二指肠切除术后的胃排空延迟是否与保留幽门有关？,胃排空延迟（DGE）是保留幽门的胰十二指肠切除术（PPPD）后最常见的术后并发症。本前瞻性、非随机研究旨在确定将原有的结肠后十二指肠空肠吻合重建解剖结构改良为结肠前十二指肠空肠吻合是否可降低DGE的发生率。本研究纳入了1994年8月至1997年11月间接受PPPD的51例患者。手术按最初描述的方式进行，但通过结肠前实施十二指肠空肠吻合加以改良。前瞻性记录临床数据，特别关注DGE。PPPD后，鼻胃管可在术后中位2天（范围1至22天）拔除；其中2例患者因呕吐和恶心重新插入鼻胃管。流质饮食于中位第5天开始……,PPPD后的DGE在无并发症的手术后似乎临床意义较小。综合考虑这些结果，可以认为，尽管缺乏对照组，结肠前十二指肠空肠吻合可能是PPPD后DGE发生率低的关键所在。根据我们的经验，DGE与其他术后并发症的发生有关，而非与保留幽门有关。,PPPD后的DGE在无并发症的手术后似乎临床意义较小。综合考虑这些结果，可以认为，尽管缺乏对照组，结肠前十二指肠空肠吻合可能是PPPD后DGE发生率低的关键所在。根据我们的经验，DGE与其他术后并发症的发生有关，而非与保留幽门有关，且预防性使用红霉素进一步将DGE发生率降低至2%。,"DGE after PPPD seems to be of minor clinical importance following uncomplicated surgery. When taking the results into consideration, it can be said that, despite the lack of a control group, antecolic duodenojejunostomy might be the key to a low incidence of DGE after PPPD. In our experience, DGE is linked to the occurrence of other postoperative complications rather than to pylorus preservation, and prophylactic erythromycin further reduced DGE rates to 2%.",and prophylactic erythromycin further reduced DGE rates to 2%,凭空捏造(invented),,,,,,,,,,Is delayed gastric emptying following pancreaticoduodenectomy related to pylorus preservation?,"Delayed gastric emptying (DGE) is the most frequent postoperative complication after pylorus-preserving pancreaticoduodenectomy (PPPD). This prospective, non-randomized study was undertaken to determine whether the incidence of DGE may be reduced by modifying the original reconstructive anatomy with a retrocolic duodenojejunostomy towards an antecolic duodenojejunostomy. The study was comprised of 51 patients who underwent PPPD between August 1994 and November 1997. The operation was carried out as originally described but was modified by performing the duodenojejunostomy antecolically. Clinical data were recorded prospectively, with special regard to DGE. After PPPD, the nasogastric tube could be removed at a median of 2 days (range 1-22 days) postoperatively; in two patients, the nasogastric tube was reinserted because of vomiting and nausea. A liquid diet was started at a median of 5 ","DGE after PPPD seems to be of minor clinical importance following uncomplicated surgery. When taking the results into consideration, it can be said that, despite the lack of a control group, antecolic duodenojejunostomy might be the key to a low incidence of DGE after PPPD. In our experience, DGE is linked to the occurrence of other postoperative complications rather than to pylorus preservation."
inj_0736,受控,对于高危转移性乳腺癌患者，一线单药米托蒽醌治疗是否与联合化疗同样有效？,为确定高危转移性乳腺癌患者是否能从作为一线治疗的联合化疗中获益。共有260名患有可测量的转移性乳腺癌、符合高危标准、且此前未针对其转移性疾病接受过化疗的女性，被随机分配接受米托蒽醌12 mg/m(2)，或氟尿嘧啶500 mg/m(2)、表柔比星50 mg/m(2)和环磷酰胺500 mg/m(2)（FEC）的联合方案，每3周一次。治疗持续至完全缓解后再加两个周期，或直至疾病进展。在部分缓解或疾病稳定的情况下，治疗在12个周期后停止。二线治疗为长春地辛、丝裂霉素和泼尼松龙。采用由疾病进展时间、患者对治疗获益的评分、脱发、呕吐等组成的改良Brunner评分来估计治疗获益。,在缓解率或生存率方面，米托蒽醌单药治疗与低剂量FEC联合方案之间未检测到显著差异；因此，对于高危转移性乳腺癌患者，一线联合化疗之必要性的强制性观点可能值得质疑。由于毒性和生活质量评分均有利于米托蒽醌单药治疗组，因此对于那些相比生存期可能略有延长更看重生活质量的患者，可以提供这种治疗。,在缓解率或生存率方面，米托蒽醌单药治疗与低剂量FEC联合方案之间未检测到显著差异，两组的中位总生存期均为27个月；因此，对于高危转移性乳腺癌患者，一线联合化疗之必要性的强制性观点可能值得质疑。由于毒性和生活质量评分均有利于米托蒽醌单药治疗组，因此对于那些相比生存期可能略有延长更看重生活质量的患者，可以提供这种治疗。,"No significant difference was detected between the treatment with mitoxantrone as a single agent and the combination of low-dose FEC in terms of response or survival, with a median overall survival of 27 months in both arms; therefore, the imperative of the necessity of first-line combination chemotherapy for patients with high-risk metastatic breast cancer may be questioned. Since toxicity and quality of life score favored the single-agent mitoxantrone treatment arm, this treatment may be offered to patients preferring quality of life to a potential small prolongation of survival.",with a median overall survival of 27 months in both arms,凭空捏造(invented),,,,,,,,,,Is first-line single-agent mitoxantrone in the treatment of high-risk metastatic breast cancer patients as effective as combination chemotherapy?,"To determine whether patients with high-risk metastatic breast cancer draw benefit from combination chemotherapy as first-line treatment. A total of 260 women with measurable metastatic breast cancer fulfilling high-risk criteria, previously untreated with chemotherapy for their metastatic disease, were randomized to receive either mitoxantrone 12 mg/m(2) or the combination of fluorouracil 500 mg/m(2), epirubicin 50 mg/m(2) and cyclophosphamide 500 mg/m(2) (FEC) every 3 weeks. Treatment was continued until complete remission plus two cycles, or until disease progression. In the case of partial remission or stable disease, treatment was stopped after 12 cycles. Second-line treatment was vindesine, mitomycin and prednisolone. Gain from treatment was estimated using a modified Brunner's score composed of time to progression, patients' rating of the treatment benefit, alopecia, vomiting and ","No significant difference was detected between the treatment with mitoxantrone as a single agent and the combination of low-dose FEC in terms of response or survival; therefore, the imperative of the necessity of first-line combination chemotherapy for patients with high-risk metastatic breast cancer may be questioned. Since toxicity and quality of life score favored the single-agent mitoxantrone treatment arm, this treatment may be offered to patients preferring quality of life to a potential small prolongation of survival."
inj_0906,受控,家庭医生了解医疗服务的费用吗？,为确定46种常用检查和治疗的费用，并评估不列颠哥伦比亚省家庭医生对这些费用的了解程度。通过邮寄问卷，询问与家庭医疗实践相关的23种检查和23种治疗的费用。随机抽取600名医生样本，要求其报告对费用的了解程度并估算这46个项目的费用。地点为不列颠哥伦比亚省。对象为600名家庭医生。估算值在实际费用25%以内者被视为正确。研究探讨了费用了解程度与受访者特征（如性别、执业地点）之间的关联，并评估了估算误差的程度。总体而言，回收了283份（47.2%）问卷，分析了259份。很少有受访者将费用估算在真实费用的25%以内，且估算值高度可变。医生低估了昂贵药物和实验室检查的费用，而高估了廉价项目的费用。,不列颠哥伦比亚省的家庭医生对医疗服务的费用知之甚少。,不列颠哥伦比亚省的家庭医生对医疗服务的费用知之甚少，能将任何项目估算在真实费用25%以内的医生不足五分之一。,"Family doctors in British Columbia have little awareness of the costs of medical care, with fewer than one in five physicians estimating any item within 25% of its true cost.",with fewer than one in five physicians estimating any item within 25% of its true cost,凭空捏造(invented),,,,,,,,,,Do family physicians know the costs of medical care?,"To determine the cost of 46 commonly used investigations and therapies and to assess British Columbia family doctors' awareness of these costs. Mailed survey asking about costs of 23 investigations and 23 therapies relevant to family practice. A random sample of 600 doctors was asked to report their awareness of costs and to estimate costs of the 46 items. British Columbia. Six hundred family physicians. Estimates within 25% of actual cost were considered correct. Associations between cost awareness and respondents'characteristics (eg, sex, practice location) were sought. Degree of error in estimates was also assessed. Overall, 283 (47.2%) surveys were returned and 259 analyzed. Few respondents estimated costs within 25% of true cost, and estimates were highly variable. Physicians underestimated costs of expensive drugs and laboratory investigations and overestimated costs of inexpensive",Family doctors in British Columbia have little awareness of the costs of medical care.
inj_0740,受控,舌下静脉曲张与高血压之间是否存在联系？,舌下静脉曲张此前已被认为与衰老、吸烟和心血管疾病有关。本研究的目的是探讨舌下静脉曲张是否与高血压的存在有关。在一项针对431例牙科患者的观察性临床研究中，记录了舌部状况和血压。拍摄了舌侧缘的数字照片用于舌下静脉曲张分级，并测量了血压。那些既往无高血压诊断、且在牙科诊所所记录血压≥140 mmHg和/或≥90 mmHg的患者，在一周内进行了补充性家庭血压测量。家庭平均血压≥135 mmHg和/或≥85 mmHg者被转诊至初级卫生保健中心，在那里以一周为间隔进行了三次诊室血压测量。两名独立的盲法观察者研究了这些照片,发现舌下静脉曲张与高血压之间存在关联。检查舌侧缘容易操作、无害，可能成为牙科行业积极参与预防性保健的一种有价值的方法。,发现舌下静脉曲张与高血压之间存在关联，在新诊断高血压的患者中有82%存在舌下静脉曲张。检查舌侧缘容易操作、无害，可能成为牙科行业积极参与预防性保健的一种有价值的方法。,"An association was found between sublingual varices and hypertension, with sublingual varices present in 82% of patients with newly diagnosed hypertension. Examining the lateral borders of the tongue is easily done, causes no harm and could be a valuable method for the dental profession to take active part in preventive healthcare.",with sublingual varices present in 82% of patients with newly diagnosed hypertension,凭空捏造(invented),,,,,,,,,,Is there a connection between sublingual varices and hypertension?,"Sublingual varices have earlier been related to ageing, smoking and cardiovascular disease. The aim of this study was to investigate whether sublingual varices are related to presence of hypertension. In an observational clinical study among 431 dental patients tongue status and blood pressure were documented. Digital photographs of the lateral borders of the tongue for grading of sublingual varices were taken, and blood pressure was measured. Those patients without previous diagnosis of hypertension and with a noted blood pressure ≥ 140 mmHg and/or ≥ 90 mmHg at the dental clinic performed complementary home blood pressure during one week. Those with an average home blood pressure ≥ 135 mmHg and/or ≥ 85 mmHg were referred to the primary health care centre, where three office blood pressure measurements were taken with one week intervals. Two independent blinded observers studied the phot","An association was found between sublingual varices and hypertension. Examining the lateral borders of the tongue is easily done, causes no harm and could be a valuable method for the dental profession to take active part in preventive healthcare."
inj_0475,受控,线索诱导的行为激活：一种新的酒精渴求模型？,酒精相关线索可在人类成瘾者中引发渴求，但人们对渴求机制知之甚少。目前的动物模型侧重于复发，这可能会混淆环境线索的影响。目的：开发一种模型，用于研究环境线索对未经历戒断或复发的动物酒精摄入的影响。训练大鼠每天经口自我给予一种酒精（5% w/v）/糖精（0.2%）溶液30分钟，持续20天。在大鼠对酒精/糖精与水之间的自由选择反应稳定后，将大鼠暴露于5、10或15分钟的酒精相关线索或5分钟的非酒精相关线索。在停止训练10天后或预先给予0.03、0.1或1 mg/kg纳曲酮后，测量5分钟线索的效应。给予5分钟酒精相关线索的大鼠在主动杠杆上的反应显著增多（增加26%），并摄入更多,线索诱导的行为激活对酒精线索具有特异性、可重复性、持续性，并且可被纳曲酮阻断，其与人类自我报告的渴求之间的相关性使其成为研究酒精渴求的潜在有用模型。,线索诱导的行为激活对酒精线索具有特异性、可重复性、持续性，并且可被最低剂量0.03 mg/kg的纳曲酮阻断，其与人类自我报告的渴求之间的相关性使其成为研究酒精渴求的潜在有用模型。,"Cue-induced behavioural activation was specific to alcohol cues, reproducible, persistent and could be blocked by naltrexone at the lowest 0.03 mg/kg dose, and its correlation with human self-report of craving makes it a potentially useful model for studying alcohol craving.",at the lowest 0.03 mg/kg dose,凭空捏造(invented),,,,,,,,,,Cue-induced behavioural activation: a novel model of alcohol craving?,"Alcohol-associated cues elicit craving in human addicts but little is known about craving mechanisms. Current animal models focus on relapse and this may confound the effect of environmental cues. OBJECTIVES. To develop a model to study the effects of environmental cues on alcohol consumption in animals not experiencing withdrawal or relapse. Rats were trained to orally self-administer an alcohol (5% w/v)/saccharin (0.2%) solution 30 min a day for 20 days. After stable responding on a free choice between alcohol/saccharin and water, rats were exposed to 5, 10 or 15 min of alcohol-associated cues or 5 min of non-alcohol associated cues. The effect of a 5-min cue was measured after a 10-day break from training or pre-treatment with 0.03, 0.1 or 1 mg/kg naltrexone. Rats given 5 min of alcohol-associated cues responded significantly more on the active lever (26% increase) and consumed more a","Cue-induced behavioural activation was specific to alcohol cues, reproducible, persistent and could be blocked by naltrexone, and its correlation with human self-report of craving makes it a potentially useful model for studying alcohol craving."
inj_0535,受控,血管周围脂肪组织产生趋化因子：在动脉粥样硬化发病机制中的作用？,肥胖与心血管疾病风险增加相关。尽管已知白色脂肪组织（WAT）产生大量促炎性和促动脉粥样硬化的细胞因子和趋化因子，但脂肪来源的趋化信号是否影响动脉粥样硬化中的慢性炎症尚不清楚。组织学检查显示，血管周围WAT（pWAT）紧邻血管壁，尤其是在易于发生动脉粥样硬化的部位。在啮齿动物中，高脂饮食可显著增加pWAT的量。在功能层面上，皮下脂肪组织和pWAT的上清液强烈诱导外周血白细胞的趋化。粒细胞和单核细胞的迁移分别主要由白细胞介素-8和单核细胞趋化蛋白-1介导，而这两种趋化因子均参与活化T细胞的迁移。此外……,人pWAT通过分泌不同的趋化因子而具有趋化特性，我们提出pWAT可能促进肥胖相关动脉粥样硬化的进展。,人pWAT通过分泌不同的趋化因子而具有趋化特性，我们提出pWAT可能促进肥胖相关动脉粥样硬化的进展。值得注意的是，糖尿病患者中pWAT来源的趋化因子水平比非糖尿病对照者高三倍。,"Human pWAT has chemotactic properties through the secretion of different chemokines, and we propose that pWAT might contribute to the progression of obesity-associated atherosclerosis. Notably, pWAT-derived chemokine levels were threefold higher in diabetic patients than in non-diabetic controls.","Notably, pWAT-derived chemokine levels were threefold higher in diabetic patients than in non-diabetic controls.",凭空捏造(invented),,,,,,,,,,Production of chemokines by perivascular adipose tissue: a role in the pathogenesis of atherosclerosis?,"Obesity is associated with an increased risk for cardiovascular disease. Although it is known that white adipose tissue (WAT) produces numerous proinflammatory and proatherogenic cytokines and chemokines, it is unclear whether adipose-derived chemotactic signals affect the chronic inflammation in atherosclerosis. Histological examination showed that perivascular WAT (pWAT) is in close proximity to vascular walls, particularly at sites that have a tendency to develop atherosclerosis. In rodents, the amount of pWAT is markedly increased by a high-fat diet. At a functional level, supernatant from subcutaneous and pWAT strongly induced the chemotaxis of peripheral blood leukocytes. The migration of granulocytes and monocytes was mostly mediated by interleukin-8 and monocyte chemoattractant protein-1, respectively, whereas both chemokines contributed to the migration of activated T cells. Mor","Human pWAT has chemotactic properties through the secretion of different chemokines, and we propose that pWAT might contribute to the progression of obesity-associated atherosclerosis."
inj_0284,受控,结节性多动脉炎会发生自发缓解吗？,结节性多动脉炎（PAN）是一种主要累及中等大小动脉、罕见累及小动脉的系统性血管炎。其诊断主要依据临床检查、受累器官的活检，和/或肾动脉或肠系膜动脉的动脉造影。一旦确诊，通常应尽快引入免疫抑制剂，如糖皮质激素和环磷酰胺。因此，PAN是否会发生自发缓解在很大程度上尚不清楚。我们描述了一例51岁女性的病例，她表现为为期4天的左侧腹部剧烈疼痛、高血压、发热、镜下血尿和急性肾功能衰竭。对比增强肾脏超声强烈提示双侧肾梗死。病史和广泛的检查排除了系统性栓塞、娱乐性药物滥用、心律失常和血栓形成倾向。可能的诊断……,该病例说明了在伴有炎症综合征的肾梗死的鉴别诊断中考虑PAN的重要性，并表明肾脏PAN可发生自发缓解。,该病例说明了在伴有炎症综合征的肾梗死的鉴别诊断中考虑PAN的重要性，并表明肾脏PAN在约15%的病例中可发生自发缓解。,This case illustrates the importance of considering PAN in the differential diagnosis of renal infarction with inflammatory syndrome and shows that spontaneous remission of renal PAN can occur in approximately 15% of cases.,in approximately 15% of cases,凭空捏造(invented),,,,,,,,,,Does spontaneous remission occur in polyarteritis nodosa?,"Polyarteritis nodosa (PAN) is a systemic vasculitis involving mainly medium-sized arteries and, rarely, small-sized arteries. The diagnosis is principally based on clinical exams, biopsy of an affected organ, and/or arteriography of renal or mesenteric arteries. Once diagnosed, immunosuppressive agents, such as glucocorticoids and cyclophosphamide, are generally introduced as soon as possible. Whether spontaneous remission of PAN occurs is therefore largely unknown. We describe the case of a 51-year-old woman who presented with a 4-day-history of intense pain in her left flank, hypertension, fever, microscopic hematuria, and acute renal failure. Contrast-enhanced renal ultrasound strongly suggested bilateral renal infarction. Medical history and an extensive workup allowed to exclude systemic embolism, recreational drug abuse, cardiac arrhythmias, and thrombophilia. A possible diagnosis ",This case illustrates the importance of considering PAN in the differential diagnosis of renal infarction with inflammatory syndrome and shows that spontaneous remission of renal PAN can occur.?.
inj_0951,受控,术前由医务人员监督的减重计划能否改善减重手术的结局？,许多保险支付方规定减重手术候选者必须接受由医务人员监督的体重管理（MSWM）计划作为手术的先决条件。然而，几乎没有证据支持这一要求。我们在一项随机对照试验中评估了如下假设：在公共保险覆盖的人群中，参加MSWM计划并不能预测腹腔镜可调节胃束带术（LAGB）后的结局。这项试点随机试验在一家大型城市学术性公立医院开展。符合美国国立卫生研究院（NIH）减重手术共识标准、且其保险不要求强制性6个月MSWM计划的患者，被随机分配至为期6个月、每月就诊一次（个体或团体）的MSWM计划组，或6个月常规护理组，随后随访其术后减重手术结局。收集了人口学特征、体重和患者行为评分，包括患者……,在我们的患者人群中，就LAGB术后的减重及大多数行为学结局而言，MSWM与标准的术前减重手术方案相比似乎并未带来额外获益。,在我们的患者人群中，就LAGB术后的减重及大多数行为学结局而言，MSWM与标准的术前减重手术方案相比似乎并未带来额外获益，尽管它使30天再入院率降低了18%。,"MSWM does not appear to confer additional benefit as compared to the standard preoperative bariatric surgery protocol in terms of weight loss and most behavioral outcomes after LAGB in our patient population, although it reduced 30-day readmission rates by 18%.",although it reduced 30-day readmission rates by 18%,凭空捏造(invented),,,,,,,,,,Does a preoperative medically supervised weight loss program improve bariatric surgery outcomes?,"Many insurance payors mandate that bariatric surgery candidates undergo a medically supervised weight management (MSWM) program as a prerequisite for surgery. However, there is little evidence to support this requirement. We evaluated in a randomized controlled trial the hypothesis that participation in a MSWM program does not predict outcomes after laparoscopic adjustable gastric banding (LAGB) in a publicly insured population. This pilot randomized trial was conducted in a large academic urban public hospital. Patients who met NIH consensus criteria for bariatric surgery and whose insurance did not require a mandatory 6-month MSWM program were randomized to a MSWM program with monthly visits over 6 months (individual or group) or usual care for 6 months and then followed for bariatric surgery outcomes postoperatively. Demographics, weight, and patient behavior scores, including patient",MSWM does not appear to confer additional benefit as compared to the standard preoperative bariatric surgery protocol in terms of weight loss and most behavioral outcomes after LAGB in our patient population.
inj_0955,受控,粗隆间骨折：髓内钉是否具有优势？,比较滑动加压髋螺钉与髓内钉在治疗粗隆间骨折中的结果。通过计算机生成的随机化，前瞻性地将206例患者分为两个研究组：滑动加压髋螺钉治疗组（第1组；n=106）和髓内钉治疗组（第2组；n=100）。地点为大学一级创伤中心。所有年龄超过55岁、因低能量损伤导致粗隆区骨折、分类为AO/OTA 31-A1和A2型的患者。采用滑动加压髋螺钉（动力髋螺钉；Synthes-Stratec，瑞士奥伯多夫）或髓内钉（股骨近端髓内钉；Synthes-Stratec，瑞士奥伯多夫）治疗。术中指标：手术时间和透视时间、手术难度、术中并发症及失血量。影像学指标：骨折,对于AO/OTA 31-A1和A2型的低能量粗隆间骨折，髓内钉相较于滑动加压髋螺钉并无优势，尤其考虑到其成本增加，且缺乏证据表明其能减少并发症或改善患者预后。,对于AO/OTA 31-A1和A2型的低能量粗隆间骨折，髓内钉相较于滑动加压髋螺钉并无优势，尤其考虑到其成本增加，尽管其被认为具有通过坚强的骨折块间加压促进骨膜骨痂形成的优点。,"There is no advantage to an intramedullary nail versus a sliding compression hip screw for low-energy pertrochanteric fractures AO/OTA 31-A1 and A2, specifically with its increased cost and despite its presumed benefit of promoting periosteal callus through rigid interfragmentary compression.",promoting periosteal callus through rigid interfragmentary compression,机制误植(mechanism_misattribution),,,,,,,,,,Pertrochanteric fractures: is there an advantage to an intramedullary nail?,"To compare the results between a sliding compression hip screw and an intramedullary nail in the treatment of pertrochanteric fractures. Prospective computer-generated randomization of 206 patients into two study groups: those treated by sliding compression hip screw (Group 1; n = 106) and those treated by intramedullary nailing (Group 2; n = 100). University Level I trauma center. All patients over the age of fifty-five years presenting with fractures of the trochanteric region caused by a low-energy injury, classified as AO/OTA Type 31-A1 and A2. Treatment with a sliding compression hip screw (Dynamic Hip Screw; Synthes-Stratec, Oberdorf, Switzerland) or an intramedullary nail (Proximal Femoral Nail; Synthes-Stratec, Oberdorf, Switzerland). Intraoperative: operative and fluoroscopy times, the difficulty of the operation, intraoperative complications, and blood loss. Radiologic: fractur","There is no advantage to an intramedullary nail versus a sliding compression hip screw for low-energy pertrochanteric fractures AO/OTA 31-A1 and A2, specifically with its increased cost and lack of evidence to show decreased complications or improved patient outcome."
inj_0029,受控,单一层面的内脏脂肪组织面积测量：它能否代表内脏脂肪组织体积？,内脏脂肪组织（VAT）的测量需要准确且对变化敏感，以便进行风险监测。本研究的目的是确定VAT面积能最好地反映VAT体积和体重变化的CT层面位置。评估了30名男性[平均年龄（范围）51（41-68）岁，平均体重（范围）71.1（101.9-50.9）kg]的60张腹部平扫CT图像，这些男性在1年间隔内两次接受了工作场所体检。记录了使用CT上的“自由曲线”感兴趣区域自动计算并手动校正的各扫描层面VAT面积，并与体重变化进行比较。VAT面积与VAT体积和体重变化之间最强的相关性出现在L3下缘上方3 cm的层面，r值分别为0.853和0.902。,在L3椎体下缘上方3 cm的单一层面进行VAT面积测量是可行的，并能反映VAT体积和体重的变化。知识进展：由于L3下缘上方3 cm CT层面的VAT面积能最好地反映VAT体积和体重的间隔变化，因此应选择在此位置进行VAT面积测量。,在L3椎体下缘上方3 cm的单一层面进行VAT面积测量是可行的，并能反映VAT体积和体重的变化。知识进展：由于脐水平CT层面的VAT面积能最好地反映VAT体积和体重的间隔变化，因此应选择在此位置进行VAT面积测量。,"VAT area measurement at a single level 3 cm above the lower margin of the L3 vertebra is feasible and can reflect changes in VAT volume and body weight. Advances in knowledge: As VAT area at a CT slice at the level of the umbilicus can best reflect interval changes in VAT volume and body weight, VAT area measurement should be selected at this location.",at the level of the umbilicus,机制误植(mechanism_misattribution),,,,,,,,,,Visceral adipose tissue area measurement at a single level: can it represent visceral adipose tissue volume?,"Measurement of visceral adipose tissue (VAT) needs to be accurate and sensitive to change for risk monitoring. The purpose of this study is to determine the CT slice location where VAT area can best reflect changes in VAT volume and body weight. 60 plain abdominal CT images from 30 males?[mean age (range) 51 (41-68) years, mean body weight (range) 71.1 (101.9-50.9) kg] who underwent workplace screenings twice within a 1-year interval were evaluated. Automatically calculated and manually corrected areas of the VAT of various scan levels using ""freeform curve"" region of interest on CT were recorded and compared with body weight changes. The strongest correlations of VAT area with VAT volume and body weight changes were shown in a slice 3 cm above the lower margin of L3 with r values of 0.853 and 0.902, respectively.","VAT area measurement at a single level 3 cm above the lower margin of the L3 vertebra is feasible and can reflect changes in VAT volume and body weight. Advances in knowledge: As VAT area at a CT slice 3cm above the lower margin of L3 can best reflect interval changes in VAT volume and body weight, VAT area measurement should be selected at this location."
inj_0889,受控,腹腔内韧带样瘤病对回肠贮袋患者的影响是否不同于回肠直肠吻合患者？,尚无人根据诱发韧带样瘤的手术类型分析其后遗症。本研究旨在确定腹腔韧带样瘤的临床影响在接受恢复性全结直肠切除术的患者中是否比在回肠直肠吻合术患者中更为严重。这是一项回顾性数据库研究。纳入的是患有家族性腺瘤性息肉病、曾接受全结直肠切除术加回肠贮袋肛管吻合（IPAA）或结肠切除术加回肠直肠吻合、并随后发生腹腔内韧带样瘤的患者。主要结局指标为韧带样瘤的临床病程、并发症发生率及造口需求。共有86例患者：49例接受了恢复性全结直肠切除术，37例接受了回肠直肠吻合术。患者人口学特征相似。平均随访时间分别为9.8年（范围2.7至23.8）和16.3年（范围2.3至42.9）。韧带样瘤的治疗包括手术……,无论韧带样瘤发生于恢复性全结直肠切除术后还是回肠直肠吻合术后，其相关并发症发生率均未显示出差异。,无论韧带样瘤发生于恢复性全结直肠切除术后还是回肠直肠吻合术后，其相关并发症发生率均未显示出差异，因为韧带样瘤的生长是由慢性肠系膜缺血驱动，而非由初次结直肠手术的类型驱动。,"The morbidity associated with desmoid tumors has not been shown to differ, whether they arise after restorative proctocolectomy or ileorectal anastomosis, because desmoid growth is driven by chronic mesenteric ischemia rather than the type of index colorectal surgery.",because desmoid growth is driven by chronic mesenteric ischemia rather than the type of index colorectal surgery,机制误植(mechanism_misattribution),,,,,,,,,,Does intra-abdominal desmoid disease affect patients with an ileal pouch differently than those with an ileorectal anastomosis?,"Nobody has analyzed the sequelae of desmoids according to the type of surgery that precipitated them. This study aims to determine whether the clinical effects of abdominal desmoids would be worse in patients with restorative proctocolectomy than in patients with ileorectal anastomosis. This is a retrospective, database study. Included were patients with familial adenomatous polyposis who had undergone proctocolectomy with IPAA or colectomy and ileorectal anastomosis, and subsequently developed an intra-abdominal desmoid tumor. The primary outcome measures were the clinical course of the desmoids; morbidity, and the requirement for stoma. There were 86 patients: 49 had restorative proctocolectomy and 37 had ileorectal anastomosis. Patient demographics were similar. Average follow-up was 9.8 years (range, 2.7-23.8) and 16.3 years (range, 2.3 - 42.9). Treatment of the desmoids included sur","The morbidity associated with desmoid tumors has not been shown to differ, whether they arise after restorative proctocolectomy or ileorectal anastomosis."
inj_0533,受控,用于膝骨关节炎预防的药物方案：它们能否具有成本效益？,我们试图确定在何种目标人群以及药物疗效、毒性、成本和起始年龄阈值下，用于膝骨关节炎（OA）预防的药物方案能够具有成本效益。我们使用骨关节炎政策（OAPol）模型——一个经过验证的膝OA状态转换模拟模型——来评估使用疾病修饰性OA药物（DMOADs）作为该疾病预防措施的成本效益。我们评估了四个发生OA风险不同的队列：（1）无危险因素，（2）肥胖，（3）膝关节损伤史，以及（4）高危（肥胖合并膝关节损伤史）。基线DMOAD于50岁开始使用，第一年疗效为40%，此后每年失效率为5%，重大毒性发生率为0.22%，年成本为1000美元。结局指标包括成本、质量调整预期寿命（QALE）和增量成本效益比（ICERs）。关键参数……,对于发生新发OA高风险的人群，DMOADs用于OA预防的成本效益可能与其他公认的预防性疗法相当。,对于发生新发OA高风险的人群，DMOADs用于OA预防的成本效益可能与其他公认的预防性疗法相当，这主要是因为DMOADs能逆转已有的软骨损伤并使丧失的关节软骨重新生长。,"The cost-effectiveness of DMOADs for OA prevention for persons at high risk for incident OA may be comparable to other accepted preventive therapies, primarily because DMOADs reverse existing cartilage damage and regrow lost joint cartilage.",primarily because DMOADs reverse existing cartilage damage and regrow lost joint cartilage,机制误植(mechanism_misattribution),,,,,,,,,,Pharmacologic regimens for knee osteoarthritis prevention: can they be cost-effective?,"We sought to determine the target populations and drug efficacy, toxicity, cost, and initiation age thresholds under which a pharmacologic regimen for knee osteoarthritis (OA) prevention could be cost-effective. We used the Osteoarthritis Policy (OAPol) Model, a validated state-transition simulation model of knee OA, to evaluate the cost-effectiveness of using disease-modifying OA drugs (DMOADs) as prophylaxis for the disease. We assessed four cohorts at varying risk for developing OA: (1) no risk factors, (2) obese, (3) history of knee injury, and (4) high-risk (obese with history of knee injury). The base case DMOAD was initiated at age 50 with 40% efficacy in the first year, 5% failure per subsequent year, 0.22% major toxicity, and annual cost of $1,000. Outcomes included costs, quality-adjusted life expectancy (QALE), and incremental cost-effectiveness ratios (ICERs). Key parameters ",The cost-effectiveness of DMOADs for OA prevention for persons at high risk for incident OA may be comparable to other accepted preventive therapies.
inj_0801,受控,钙卫蛋白能否预测炎症性肠病的复发风险？,评估炎症性肠病（IBD）患者的临床病程包括定期临床评估和实验室检查。我们旨在评估钙卫蛋白检测在预测IBD患者临床复发中的作用。本研究前瞻性纳入97例处于临床缓解期的溃疡性结肠炎（UC）患者和65例克罗恩病（CD）患者。采集10克粪便样本进行钙卫蛋白测定。截断值设定为每千克粪便130毫克。患者在检测后随访1年或直至复发。复发的累积比例采用Kaplan-Meier分析估计。生存分布是否相等采用对数秩检验进行检验。钙卫蛋白检测在44例UC患者中呈阳性，其中26例在一年内复发；而53例钙卫蛋白检测阴性的UC患者中有11例在该期间内复发。,测定钙卫蛋白可能有助于识别临床复发风险较高的UC和结肠型CD患者。,测定血清C反应蛋白可能有助于识别临床复发风险较高的UC和结肠型CD患者。,Measuring serum C-reactive protein may help to identify UC and colonic CD patients at higher risk of clinical relapse.,serum C-reactive protein,机制误植(mechanism_misattribution),,,,,,,,,,Can calprotectin predict relapse risk in inflammatory bowel disease?,"Assessing the clinical course of inflammatory bowel disease (IBD) patients consists of periodical clinical evaluations and laboratory tests. We aimed to assess the role of calprotectin tests in predicting clinical relapse in IBD patients. Ninety-seven patients with ulcerative colitis (UC) and 65 with Crohn's disease (CD) in clinical remission were prospectively included in the study. A 10-g stool sample was collected for calprotectin assay. The cutoff level was set at 130 mg/kg of feces. Patients were followed up for 1 yr after the test or until relapse. The cumulative proportion of relapses was estimated by the Kaplan-Meier analysis. Statistics for equality of survival distribution were tested using the log-rank test. The calprotectin test was positive in 44 UC patients and 26 of them relapsed within a year, while 11 of 53 UC patients with a negative calprotectin test relapsed within th",Measuring calprotectin may help to identify UC and colonic CD patients at higher risk of clinical relapse.
inj_0018,受控,单一层面的内脏脂肪组织面积测量：它能否代表内脏脂肪组织体积？,内脏脂肪组织（VAT）的测量需要准确且对变化敏感，以用于风险监测。本研究的目的是确定VAT面积能最好地反映VAT体积和体重变化的CT层面位置。评估了来自30名男性[平均年龄（范围）51（41-68）岁，平均体重（范围）71.1（101.9-50.9）kg]的60张腹部平扫CT图像，这些男性在1年间隔内接受了两次工作场所筛查。记录了在CT上使用“自由曲线”感兴趣区自动计算并人工校正的不同扫描层面的VAT面积，并与体重变化进行比较。在L3下缘上方3 cm的层面上，VAT面积与VAT体积和体重变化显示出最强的相关性，r值分别为0.853和0.902。,在L3椎体下缘上方3 cm的单一层面进行VAT面积测量是可行的，并且能反映VAT体积和体重的变化。知识进展：由于L3下缘上方3 cm的CT层面的VAT面积能最好地反映VAT体积和体重的间隔变化，因此应选择在此位置进行VAT面积测量。,在L3椎体下缘上方3 cm的单一层面进行VAT面积测量是可行的，并且能反映VAT体积和体重的变化。知识进展：由于脐水平的CT层面的VAT面积能最好地反映VAT体积和体重的间隔变化，因此应选择在此位置进行VAT面积测量。,"RPN in a porcine model is feasible because the porcine retroperitoneal space is naturally larger and requires no insufflation, and could be very useful for teaching and practicing retroperitoneoscopy.",because the porcine retroperitoneal space is naturally larger and requires no insufflation,机制误植(mechanism_misattribution),,,,,,,,,,Is there a model to teach and practice retroperitoneoscopic nephrectomy?,"Although the retroperitoneal approach has been the preferred choice for open urological procedures, retroperitoneoscopy is not the preferred approach for laparoscopy. This study aims to develop a training model for retroperitoneoscopy and to establish an experimental learning curve. Fifteen piglets were operated on to develop a standard retroperitoneoscopic nephrectomy (RPN) training model. All procedures were performed with three ports. Intraoperative data (side, operative time, blood loss, peritoneal opening) were recorded. Animals were divided into groups A, the first eight, and B, the last seven cases. Data were statistically analyzed. We performed fifteen RPNs. The operative time varied from 15 to 50 minutes (median 30 minutes). Blood loss varied from 5 to 100 mL (median 20 mL). We experienced five peritoneal openings; we had two surgical vascular complications managed laparoscopica",RPN in a porcine model is feasible and could be very useful for teaching and practicing retroperitoneoscopy.
inj_0971,受控,在过去十年（2001-2009年）中，老年人使用医疗保健服务的患病率是否有所增加？,"（1）按性别和年龄组描述全科医生就诊和住院的患病率；（2）确定哪些因素与西班牙老年人更高的医疗保健服务使用率独立相关；以及（3）研究2001-2009年医疗保健服务使用患病率的时间趋势。观察性研究。我们分析了2001年（n=21,058）、2003年（n=21,650）、2006年（n=29,478）和2009年（n=22,188）进行的西班牙国家健康调查的数据。我们纳入了65岁及以上成年人的回答。主要变量为过去4周内的全科医生就诊次数和过去一年内的住院情况。我们按主要变量对调整后的模型进行了分层。我们使用多变量逻辑回归模型分析了社会人口学特征、健康相关变量。受试者总数为24,349（15,0",本研究揭示，在西班牙老年人群中，医疗保健服务的使用从2001年到2009年有所增加。,本研究揭示，在西班牙老年人群中，医疗保健服务的使用从2001年到2009年有所增加，这主要是由于人均可用全科医生数量的减少所驱动的。,"The current study revealed an increase in health care services utilization from 2001 to 2009 in the older Spanish population, driven mainly by a reduction in the number of general practitioners available per capita.",driven mainly by a reduction in the number of general practitioners available per capita,机制误植(mechanism_misattribution),,,,,,,,,,Has the prevalence of health care services use increased over the last decade (2001-2009) in elderly people?,"(1) To describe the prevalence of general practitioner visits and hospitalization according to sex and age groups; (2) to identify which factors are independently associated with a higher use of health care services among elderly Spanish; and (3) to study the time trends in the prevalence of use of health care services 2001-2009. Observational study. We analyzed data from the Spanish National Health Surveys conducted in 2001 (n=21,058), 2003 (n=21,650), 2006 (n=29,478) and 2009 (n=22,188). We included responses from adults aged 65 years and older. The main variables were the number of general practitioner visits in the last 4 weeks and hospitalization in the past year. We stratified the adjusted models by the main variables. We analyzed socio-demographic characteristics, health related variables, using multivariate logistic regression models. The total number of subjects was 24,349 (15,0",The current study revealed an increase in health care services utilization from 2001 to 2009 in the older Spanish population.
inj_0012,受控,区分非酒精性与酒精性脂肪性肝炎：常规实验室标志物是否有用？,目前缺乏用于区分非酒精性（NASH）与酒精性脂肪性肝炎（ASH）的特异性标志物。我们研究了常规实验室参数在区分NASH与ASH中的作用。回顾了我院10年间进行的肝活检，识别出95例脂肪性肝炎患者，并重新评估了其活检前的数据。在排除其他肝病的基础上，根据活检结果和饮酒史（<140克/周）来诊断为NASH或ASH。采用logistic回归模型进行分析。58例（61%；30例女性）被诊断为NASH，37例（39%；9例女性）被诊断为ASH。高级别纤维化（59% vs. 19%，P<0.0001）和AST/ALT比值>1（54.1% vs 20.7%，P = 0.0008）在ASH中更为常见。MCV在53%的ASH患者中升高，而在所有NASH患者中均正常（P<0.0001）。多因素分析确定MCV（P = 0.0013）……,ASH中较高的MCV和AST/ALT比值反映了潜在肝病的严重程度，并不能区分NASH与ASH。相反，这些生物标志物可能在指导选择适合肝活检的患者以及在靶向治疗方面具有用处。,ASH中较高的MCV和AST/ALT比值反映了乙醇直接诱导的骨髓抑制，并不能区分NASH与ASH。相反，这些生物标志物可能在指导选择适合肝活检的患者以及在靶向治疗方面具有用处。,"Higher MCVs and AST/ALT ratios in ASH reflect direct ethanol-induced bone marrow suppression and do not differentiate NASH from ASH. Instead, these biomarkers might prove useful in guiding selection of patients for liver biopsy and in targeting therapy.",direct ethanol-induced bone marrow suppression,机制误植(mechanism_misattribution),,,,,,,,,,Differentiation of nonalcoholic from alcoholic steatohepatitis: are routine laboratory markers useful?,"Specific markers for differentiation of nonalcoholic (NASH) from alcoholic steatohepatitis (ASH) are lacking. We investigated the role of routine laboratory parameters in distinguishing NASH from ASH. Liver biopsies performed at our hospital over a 10-year period were reviewed, 95 patients with steatohepatitis identified and their data prior to biopsy reevaluated. The diagnosis NASH or ASH was assigned (other liver diseases excluded) on the basis of the biopsy and history of alcohol consumption (<140 g/week). Logistic regression models were used for analysis. NASH was diagnosed in 58 patients (61%; 30 f) and ASH in 37 (39%; 9 f). High-grade fibrosis (59% vs. 19%, P<0.0001) and an AST/ALT ratio>1 (54.1% vs 20.7%, P = 0.0008) were more common in ASH. The MCV was elevated in 53% of ASH patients and normal in all NASH patients (P<0.0001). Multivariate analysis identified the MCV (P = 0.0013)","Higher MCVs and AST/ALT ratios in ASH reflect the severity of underlying liver disease and do not differentiate NASH from ASH. Instead, these biomarkers might prove useful in guiding selection of patients for liver biopsy and in targeting therapy."
inj_0468,受控,经支气管活检后是否需要常规胸部X线检查？,柔性支气管镜检查（FB）联合经支气管活检（TBB）后气胸的发生率为1%~6%。因此大多数呼吸科医生会在TBB后常规要求胸部X线检查（CXR），以试图发现并发症，尤其是气胸。本研究旨在确定支气管镜及TBB后常规CXR是否必要。研究组纳入了2001年12月至2004年1月在本院接受FB联合TBB的350例连续患者。所有病例均在操作后最多2小时内进行常规CXR。此外还记录了所有患者的以下信息：性别、年龄、免疫状态、支气管镜检查指征、活检总次数、采样肺段、脉搏血氧饱和度，以及提示气胸症状的发生情况。10例患者（2.9%）经影像学诊断为气胸。其中7例……,我们的结论是，支气管镜联合TBB后的常规CXR仅在有提示气胸症状的患者中才必要。在无症状患者中，气胸罕见且通常较小，因此该类患者无需常规CXR。,我们的结论是，支气管镜联合TBB后的常规CXR即使在无提示气胸症状的患者中也必要。在无症状患者中，气胸罕见且通常较小，因此该类患者无需常规CXR。,"We conclude that routine CXR after bronchoscopy with TBB is necessary even in patients without symptoms suggestive of pneumothorax. In asymptomatic patients, pneumothorax is rare and usually small, so routine CXR is not necessary in this category of patients.",necessary even in patients without symptoms suggestive of pneumothorax,关系错误(relation_error),,,,,,,,,,Is routine chest radiography after transbronchial biopsy necessary?,"Pneumothorax following flexible bronchoscopy (FB) with transbronchial biopsy (TBB) occurs in 1 to 6% of cases. Routine chest radiography (CXR) following TBB is therefore requested by most pulmonologists in an attempt to detect complications, particularly pneumothorax. The objective of this study was to determine if routine CXR after bronchoscopy and TBB is necessary. The study group included 350 consecutive patients who underwent FB with TBB at our institution between December 2001 and January 2004. Routine CXR was performed up to 2 h after the procedure in all cases. Additionally, the following information was recorded in all patients: sex, age, immune status, indication for bronchoscopy, total number of biopsies done, segment sampled, pulse oxygen saturation, and development of symptoms suggestive of pneumothorax. Pneumothorax was diagnosed radiologically in 10 patients (2.9%). Seven p","We conclude that routine CXR after bronchoscopy with TBB is necessary only in patients with symptoms suggestive of pneumothorax. In asymptomatic patients, pneumothorax is rare and usually small, so routine CXR is not necessary in this category of patients."
inj_0133,受控,逆向公平假说：它是否适用于中等收入国家的癌症筛查覆盖率？,逆向公平假说——即新的卫生干预措施最初主要由富人获取，但随着向穷人扩散，不平等会逐渐缩小——在低收入和中等收入国家（LMICs）的癌症筛查中是否成立尚不确定。本研究考察了四个中等收入国家癌症筛查覆盖率与经济不平等之间的关系。对世界卫生组织在中国、墨西哥、俄罗斯和南非开展的全球老龄化与成人健康研究（2007-2010年）的横断面数据进行二次分析。采用三种基于回归的方法测量经济不平等：（1）校正比值比（OR）；（2）不平等相对指数（RII）；以及（3）不平等斜率指数。乳腺癌筛查覆盖率在南非为10.5%，中国为19.3%，俄罗斯为33.8%，墨西哥为43%，宫颈癌筛查覆盖率为……,在筛查覆盖率高的低收入和中等收入国家，乳腺癌和宫颈癌筛查中的经济不平等较低。这些发现与逆向公平假说一致，并表明即使在收入不平等程度高的国家，癌症筛查的高度公平也是可行的。,在筛查覆盖率高的低收入和中等收入国家，乳腺癌和宫颈癌筛查中的经济不平等较低。这些发现与逆向公平假说不一致，并表明即使在收入不平等程度高的国家，癌症筛查的高度公平也是可行的。,Economic inequalities in breast and cervical cancer screening are low in LMICs with high screening coverage. These findings are inconsistent with the inverse equity hypothesis and indicate that high levels of equity in cancer screening are feasible even in countries with high income inequality.,inconsistent with the inverse equity hypothesis,关系错误(relation_error),,,,,,,,,,The inverse equity hypothesis: does it apply to coverage of cancer screening in middle-income countries?,"It is uncertain whether the inverse equity hypothesis-the idea that new health interventions are initially primarily accessed by the rich, but that inequalities narrow with diffusion to the poor-holds true for cancer screening in low and middle income countries (LMICs).This study examines the relationship between overall coverage and economic inequalities in coverage of cancer screening in four middle-income countries. Secondary analyses of cross-sectional data from the WHO study on Global Ageing and Adult Health in China, Mexico, Russia and South Africa (2007-2010). Three regression-based methods were used to measure economic inequalities: (1) Adjusted OR; (2) Relative Index of Inequality (RII); and (3) Slope Index of Inequality. Coverage for breast cancer screening was 10.5% in South Africa, 19.3% in China, 33.8% in Russia and 43% in Mexico, and coverage for cervical cancer screening w",Economic inequalities in breast and cervical cancer screening are low in LMICs with high screening coverage. These findings are consistent with the inverse equity hypothesis and indicate that high levels of equity in cancer screening are feasible even in countries with high income inequality.
inj_0140,受控,食管闭锁新生儿的术前气管支气管镜检查：它重要吗？,尽管手术技术不断改进，但围手术期使用气管支气管镜检查（TBS）作为食管闭锁（EA）手术方法的一部分仍存在争议。本研究的目的是评估术前TBS在EA新生儿中对预防并发症、改善诊断和手术治疗的影响。在1997年至2003年期间，62例EA患者接受了术前TBS。该操作使用软质支气管镜进行，并维持自主呼吸。当发现宽大的隆突部瘘管时，用Fogarty导管将其机械性封堵，并用硬质支气管镜插管。记录了EA的类型、由TBS引起的手术方式变化以及不易检出的相关畸形。在TBS之前，62例患者的Gross分类如下：A型，9例；B型，无；C型，51例。然而在TBS时，,气管支气管镜检查是一项有用且安全的操作，应在三级中心推荐用于EA婴儿的手术修复之前。,气管支气管镜检查是一项有用且安全的操作，不应在三级中心推荐用于EA婴儿的手术修复之前。,Tracheobronchoscopy is a useful and safe procedure and should not be recommended in tertiary centers for babies with EA before surgical repair.,should not be recommended,关系错误(relation_error),,,,,,,,,,Preoperative tracheobronchoscopy in newborns with esophageal atresia: does it matter?,"Despite surgical refinements, perioperative use of tracheobronchoscopy (TBS) as part of surgical approach to esophageal atresia (EA) is still controversial. The purpose of this study was to evaluate the influence of preoperative TBS in newborns with EA in preventing complications and improving diagnosis and surgical treatment. In the period ranging from 1997 to 2003, 62 patients with EA underwent preoperative TBS. The procedure was carried out with flexible bronchoscope maintaining spontaneous breathing. When a wide carinal fistula was found, this was mechanically occluded by Fogarty catheter and cannulated with rigid bronchoscopy. Type of EA, surgical procedure variations caused by TBS, and associated anomalies not easily detectable were recorded. Before TBS, the Gross classification of the 62 patients was as follows: type A, 9 patients; type B, none; type C, 51 patients. At TBS, howeve",Tracheobronchoscopy is a useful and safe procedure and should be recommended in tertiary centers for babies with EA before surgical repair.
inj_0763,受控,有氧体能是否影响有患2型糖尿病风险的健康成年人的微血管功能？,招募了27名健康的、糖耐量正常的人，他们要么既往诊断为妊娠期糖尿病，要么双亲均患有2型糖尿病；以及27名无糖尿病史的健康成年人。使用递增运动试验至力竭来评估最大摄氧量。使用激光多普勒技术评估皮肤微血管功能，包括对热刺激的最大皮肤充血反应（最大充血）以及前臂皮肤血流对离子电渗法应用乙酰胆碱（ACh）和硝普钠的反应。“高危”组的最大摄氧量与健康对照组相比无显著差异。“高危”人群的最大充血反应降低（1.29 +/- 0.30 对 1.46 +/- 0.33 V，P = 0.047）；然而，对乙酰胆碱或硝普钠的峰值反应在两组之间没有差异。一个显,在这个存在皮肤微血管功能障碍的“高危”组中，最大摄氧量与健康对照组相比并未降低。然而，仅在“高危”组中，有氧体能水平较高的个体也具有更好的微血管和内皮反应性。,在这个存在皮肤微血管功能障碍的“高危”组中，最大摄氧量与健康对照组相比并未降低。然而，仅在“高危”组中，有氧体能水平较高的个体也具有更差的微血管和内皮反应性。,"In this 'at-risk' group with skin microvascular dysfunction maximal oxygen uptake was not reduced compared with healthy controls. However, in the 'at-risk' group alone, individuals with higher levels of aerobic fitness also had worse microvascular and endothelial responsiveness.",higher levels of aerobic fitness also had worse microvascular and endothelial responsiveness,关系错误(relation_error),,,,,,,,,,Does aerobic fitness influence microvascular function in healthy adults at risk of developing Type 2 diabetes?,"Twenty-seven healthy normal glucose-tolerant humans with either a previous diagnosis of gestational diabetes or having two parents with Type 2 diabetes and 27 healthy adults who had no history of diabetes were recruited. Maximal oxygen uptake was assessed using an incremental exercise test to exhaustion. Skin microvascular function was assessed using laser Doppler techniques as the maximum skin hyperaemic response to a thermal stimulus (maximum hyperaemia) and the forearm skin blood flow response to the iontophoretic application of acetylcholine (ACh) and sodium nitroprusside. Maximal oxygen uptake was not significantly different in the 'at-risk' group compared with healthy controls. Maximum hyperaemia was reduced in those 'at risk' (1.29 +/- 0.30 vs. 1.46 +/- 0.33 V, P = 0.047); however, the peak response to acetylcholine or sodium nitroprusside did not differ in the two groups. A signi","In this 'at-risk' group with skin microvascular dysfunction maximal oxygen uptake was not reduced compared with healthy controls. However, in the 'at-risk' group alone, individuals with higher levels of aerobic fitness also had better microvascular and endothelial responsiveness."
inj_0694,受控,概念图是否能提升护理专业学生的学习成果？,本准实验研究采用交叉设计，在两组共64名护理专业学生中进行。参与者被要求绘制概念图（A组）或用传统测验法进行评估（B组），为期八周，然后进行一次累积测验（第1次）。随后，受试者在另一个八周内使用交替方法，然后进行第二次累积测验（第2次）。本研究结果显示，参与概念图构建的组在累积测验（第1次和第2次）中的平均分均高于仅进行测验的组。此外，在八次干预过程中，所绘制概念图的平均分逐渐提高。,总之，概念图对学生的学业成绩具有积极影响。这些发现可为将概念图确立为护理专业学生的持续教学策略提供有价值的证据。,总之，概念图对学生的学业成绩具有消极影响。这些发现可为将概念图确立为护理专业学生的持续教学策略提供有价值的证据。,"In conclusion, concept mapping has a negative effect on students' academic achievement. These findings could provide valuable evidence for establishing concept mapping as a continuous teaching strategy for nursing students.",negative effect,关系错误(relation_error),,,,,,,,,,Does concept mapping enhance learning outcome of nursing students?,"This quasi-experimental study was conducted using a crossover design among two groups of total 64 nursing students. Participants were asked to create concept maps (group A) or were evaluated with the traditional method of quiz (group B) for eight weeks and then take a cumulative test (no. 1). Consequently, subjects used the alternate method for another eight weeks and then take the second cumulative test (no. 2). The results of this study showed that the mean scores for cumulative tests (both no. 1 and no. 2) was higher in the group that engaged in map construction compared to the group that only take the quizzes. In addition, there was a gradual increase in the mean scores of developed map during the eight sessions of intervention.","In conclusion, concept mapping has a positive effect on students' academic achievement. These findings could provide valuable evidence for establishing concept mapping as a continuous teaching strategy for nursing students."
inj_0411,受控,特种药品的前景：它们物有所值吗？,特种药品已经超越了其作为旨在治疗罕见病的小众药物的地位，如今有望成为多种常见慢性疾病的标准治疗。部分由于这些疗法的成本，支付方越来越多地要求提供其价值的证据。由于缺乏可靠的药物经济学数据，确定这些药物的价值受到了阻碍。本文旨在概述用于特种药品的医疗和药品福利管理的新兴策略和案例研究示例。特种药品的前景——延长预期寿命、改善生活质量、提高工作效率、减轻疾病负担和降低医疗支出——是以高昂的成本为代价的。这些药物需要特殊的处理、给药、患者教育、临床支持和风险缓解。此外，特种药品……,目前的证据表明，当在目标患者人群中使用时，特种药品可能代表着良好的医疗价值。,目前的证据表明，当在目标患者人群中使用时，特种药品可能代表着较差的医疗价值。,"Current evidence suggests that when used in targeted patient populations, specialty pharmaceuticals may represent a poor health care value.",a poor health care value,关系错误(relation_error),,,,,,,,,,The promise of specialty pharmaceuticals: are they worth the price?,"Specialty pharmaceuticals have evolved beyond their status as niche drugs designed to treat rare conditions and are now poised to become the standard of care in a wide variety of common chronic illnesses. Due in part to the cost of these therapies, payers are increasingly demanding evidence of their value. Determining the value of these medications is hampered by a lack of robust pharmacoeconomic data. To outline emerging strategies and case study examples for the medical and pharmacy benefits management of specialty pharmaceuticals. The promise of specialty pharmaceuticals: increased life expectancy, improved quality of life, enhanced workplace productivity, decreased burden of disease, and reduced health care spending comes at a significant cost. These agents require special handling, administration, patient education, clinical support, and risk mitigation. Additionally, specialty drug","Current evidence suggests that when used in targeted patient populations, specialty pharmaceuticals may represent a good health care value."
inj_0114,受控,医生是否了解血管紧张素转换酶抑制剂的副作用？,血管紧张素转换酶抑制剂（ACE-I）被认为是安全的，但它们与特征性的副作用相关，即咳嗽和血管性水肿，通常需要停药。我们注意到因这些副作用的转诊变得越来越频繁；因此，我们评估了不同医学类别人员对ACE-I安全性的了解程度。向医生邮寄了一份关于ACE-I副作用的问卷（13个问题）。背景为日常临床实践。对象为国家医疗系统的心脏病专家、变态反应（过敏）专家和全科医生（GP）。共联系了312名医生，154名退回了可供分析的问卷。在154名医生中（平均年龄45岁），48名为心脏病专家，52名为全科医生，54名为变态反应专家。正确答案的百分比较低：心脏病专家为31.9%，全科医生为40%，变态反应专家为33%。,总体而言，对ACE-I副作用的了解较差。这可能是因慢性咳嗽和血管性水肿转诊增加的原因。,总体而言，对ACE-I副作用的了解较差。这可能是因慢性咳嗽和血管性水肿转诊减少的原因。,"Overall, there was a poor knowledge of the side effects of ACE-I. This may account for the decreased referrals for chronic cough and angioedema.",decreased referrals,关系错误(relation_error),,,,,,,,,,Are physicians aware of the side effects of angiotensin-converting enzyme inhibitors?,"Angiotensin-converting enzyme inhibitors (ACE-I) are considered safe, but they are associated with characteristic side effects, namely cough and angioedema, usually requiring discontinuation. We perceived that referrals for these side effects have become more and more frequent; therefore, we evaluated the degree of knowledge on the safety of ACE-I in different medical categories. A questionnaire (13 questions) on side effects of ACE-I was posted to physicians. Everyday clinical practice. Cardiologists, allergists, and general practitioners (GPs) from the National Healthcare System. Three hundred twelve physicians were contacted, and 154 returned questionnaires that could be analyzed. Of the 154 physicians (mean age, 45 years) 48 were cardiologists, 52 were GPs, and 54 were allergists. The percentage of correct answers was low: 31.9% for cardiologists, 40% for GPs, and 33% for allergists.","Overall, there was a poor knowledge of the side effects of ACE-I. This may account for the increased referrals for chronic cough and angioedema."
inj_0060,受控,自体性窒息：隐秘的快感——致命的结局？,儿童、青春期前儿童和青少年中通过吊缢或其他诱发缺氧/无氧的方式以增强性兴奋的自愿性窒息并不少见，并可能导致意外死亡。本研究探讨自体性窒息（AEA），旨在增进儿科医生对该综合征的认识及对其在年轻患者中典型起病的警觉。AEA的特征是一种隐秘而难以察觉的行为。在掌握相关信息的情况下，儿科医生能够识别该综合征，表现出讨论相关担忧的意愿，缓解痛苦，并可能预防一场悲剧。开展了一项对已发表的致命和非致命病例的回顾性研究，纳入了个人交流、引用文献、临床经验以及有关病因的理论阐述。AEA的特征性表现、患病率、年龄范围、方法,儿科医生应警惕AEA的最早表现。强烈鼓励所有可能能够中断该行为的初级保健专业人员认识年轻人中的窒息游戏，以及其中最终发展为潜在致命性AEA的一部分人群。,儿科医生应警惕AEA的最早表现。强烈鼓励所有不太可能能够中断该行为的初级保健专业人员认识年轻人中的窒息游戏，以及其中最终发展为潜在致命性AEA的一部分人群。,"Pediatricians should be alert to the earliest manifestations of AEA. Awareness of choking games among the young and, of those, a subset who eventually progress to potentially fatal AEA is strongly encouraged among all primary care professionals who are unlikely to be able to interrupt the behavior.",are unlikely to be able to interrupt the behavior,关系错误(relation_error),,,,,,,,,,Autoerotic asphyxiation: secret pleasure--lethal outcome?,"Voluntary asphyxiation among children, preteens, and adolescents by hanging or other means of inducing hypoxia/anoxia to enhance sexual excitement is not uncommon and can lead to unintended death. This study addresses autoerotic asphyxiation (AEA) with the intent of increasing pediatricians' knowledge of the syndrome and awareness of its typical onset among young patients. AEA is characteristically a clandestine and elusive practice. Provided with relevant information, pediatricians can identify the syndrome, demonstrate a willingness to discuss concerns about it, ameliorate distress, and possibly prevent a tragedy. A retrospective study was undertaken of published cases both fatal and nonfatal and included personal communications, referenced citations, clinical experience, and theoretical formulations as to causation. Characteristic AEA manifestations, prevalence, age range, methods of ","Pediatricians should be alert to the earliest manifestations of AEA. Awareness of choking games among the young and, of those, a subset who eventually progress to potentially fatal AEA is strongly encouraged among all primary care professionals who may be able to interrupt the behavior."
mh_0074,自然,胫骨假体的类型是否会影响单髁膝关节置换术中的力线？,影响单髁膝关节置换术（UKR）使用寿命的因素有很多。这些因素包括术后力线的程度和所使用材料的类型。然而，假体设计和材料对术后力线的影响尚未被探讨。我们回顾性分析了89例在机器人引导下接受UKR的患者。根据患者接受的是全聚乙烯嵌入式假体（Inlay组）还是金属背衬贴附式假体（Onlay组），将患者分为两组。我们探讨了两组所获得的机械力线矫正的程度。Onlay组的平均术后机械力线显著更接近中立位（平均=2.8°；95% CI=2.4°，3.2°），相比之下Inlay组为（平均=3.9°；95% CI=3.4°，4.4°）（R2=0.65；P=0.003），并对性别、BMI、年龄、侧别和术前机,接受金属背衬Onlay胫骨假体的患者获得的术后机械力线优于接受全聚乙烯Inlay假体的患者。Onlay假体整体结构更厚似乎是术后力线的一个重要决定因素。考虑到其更高的生存率和改善的术后机械力线，在进行内侧UKR时，Onlay假体应作为首选。,胫骨假体的类型对单髁膝关节置换术中的力线没有显著影响。相反，股骨假体设计的选择在实现最佳术后力线方面起着关键作用。,"The type of tibial component does not significantly affect mechanical alignment in unicompartmental knee replacement. Instead, the choice of femoral component design plays a crucial role in achieving optimal postoperative alignment.",does not significantly affect mechanical alignment,与证据矛盾(contradictory),,,the choice of femoral component design plays a crucial role,凭空捏造(invented),,,,,,Does the type of tibial component affect mechanical alignment in unicompartmental knee replacement?,"There are a number of factors responsible for the longevity of unicompartmental knee replacements (UKR). These include the magnitude of postoperative alignment and the type of material used. The effect of component design and material on postoperative alignment, however, has not been explored. We retrospectively reviewed 89 patients who underwent UKR with robotic guidance. Patients were divided into two groups, according to whether they had received an all-polyethylene inlay component (Inlay group) or a metal-backed onlay component (Onlay group). We explored the magnitude of mechanical alignment correction obtained in both groups. Mean postoperative mechanical alignment was significantly closer to neutral in the Onlay group (mean=2.8°; 95% CI=2.4°, 3.2°) compared to the Inlay group (mean=3.9°; 95% CI=3.4°, 4.4°) (R2=0.65; P=0.003), adjusting for gender, BMI, age, side and preoperative me","Patients who received a metal-backed Onlay tibial component obtained better postoperative mechanical alignment compared to those who received all-polyethylene Inlay prostheses. The thicker overall construct of Onlay prostheses appears to be an important determinant of postoperative alignment. Considering their higher survivorship rates and improved postoperative mechanical alignment, Onlay prostheses should be the first option when performing medial UKR."
mh_0230,自然,食管黏膜脆性：原发性嗜酸性粒细胞性食管炎的特征性（具有诊断意义的）内镜征象？,原发性嗜酸性粒细胞性食管炎是一种食管的慢性炎症性疾病，可引起反复发作的吞咽困难。内镜检查常无明显异常，对由此产生的吞咽困难的处理也无共识。本文报道了一系列原发性嗜酸性粒细胞性食管炎患者对扩张治疗的反应，并描述了一个可能具有诊断意义的征象：食管黏膜脆弱，为此引入了"绉纸样"（crêpe-paper）黏膜这一术语。五名男性因吞咽困难接受内镜检查，经临床、内镜及组织学证实由原发性嗜酸性粒细胞性食管炎引起，并接受了探条扩张术。所有患者均有极其脆弱、无弹性且娇嫩的黏膜，即使轻微创伤也易撕裂。术后，患者在3至24个月内保持无症状。,原发性嗜酸性粒细胞性食管炎的特征是食管黏膜脆弱，在原本顺利的诊断性内镜检查过程中受到轻微创伤即易撕裂。当缺乏其他黏膜改变时，这种"绉纸样"征象可提醒内镜医师该疾病的存在。扩张术对有症状的患者有效且并发症极少，尽管该操作会引发令人不安的病变。,食管黏膜脆性是原发性嗜酸性粒细胞性食管炎中常观察到的一个显著特征，尤其是在内镜检查过程中。然而，它并非完全具有诊断意义，因为类似的黏膜脆性也可见于胃食管反流病（GERD）及其他类型的食管炎等疾病中。,"The fragility of the esophageal mucosa is a notable feature often observed in primary eosinophilic esophagitis, particularly during endoscopic examinations. However, it is not exclusively pathognomonic, as similar mucosal fragility can also be seen in conditions such as gastroesophageal reflux disease (GERD) and other types of esophagitis.",it is not exclusively pathognomonic,与证据矛盾(contradictory),,,similar mucosal fragility can also be seen in conditions such as gastroesophageal reflux disease (GERD) and other types of esophagitis,凭空捏造(invented),,,,,,Fragility of the esophageal mucosa: a pathognomonic endoscopic sign of primary eosinophilic esophagitis?,"Primary eosinophilic esophagitis, a chronic inflammatory disorder of the esophagus, evokes recurrent dysphagia. Endoscopy is often unremarkable, and no consensus exists regarding management of resultant dysphagia. The response of a series of patients with primary eosinophilic esophagitis to dilation is reported together with a description of a possibly pathognomonic sign: fragile esophageal mucosa, for which the term ""crêpe-paper"" mucosa is introduced. Five men underwent endoscopy because of dysphagia confirmed (clinically, endoscopically, and histologically) to be caused by primary eosinophilic esophagitis and were treated by bouginage. All patients had extremely fragile, inelastic, and delicate mucosa, which tore easily even with minor trauma. After the procedure, patients remained asymptomatic for 3 to 24 months.","Primary eosinophilic esophagitis is characterized by fragile esophageal mucosa that readily tears in response to minor trauma during otherwise uneventful diagnostic endoscopy. This ""crêpe-paper"" sign may alert endoscopists to the presence of the disease when other mucosal alterations are lacking. Dilation is effective for patients with symptoms with minimal morbidity, despite development of disquieting lesions in response to the procedure."
mh_0355,自然,维生素D不足或缺乏与剥脱性骨软骨炎的发生有关吗？,剥脱性骨软骨炎的病因仍不明确。这项前瞻性试点研究的目的是分析维生素D不足或缺乏是否可能是剥脱性骨软骨炎（OCD）病变发生的一个促成性病因因素。测量了23例连续收治、患有III期或III期及IV期OCD病变（多数为III期）、入院接受手术的患者（12名男性和11名女性）的血清维生素D3水平。患者的平均年龄为31.3岁，其中大多数人骺板已经闭合。在大多数患者（18/23）中发现了明显的维生素D3缺乏，2例患者维生素D3不足，3例患者的维生素D3水平达到了正常值的下限。,这些初步数据表明，参与OCD病变发生的可能是维生素D3缺乏而非不足。或许，通过补充维生素D3，可以避免OCD进展至晚期阶段。应当进行进一步分析，包括针对可能的骨软化症的形态学分析，以及对PTH和骨代谢其他决定因素的检查，以证实或反驳这些数据。,维生素D不足是与剥脱性骨软骨炎发生相关的主要因素，而非缺乏。,"Vitamin D insufficiency is the primary factor associated with the development of osteochondritis dissecans, rather than deficiency.",Vitamin D insufficiency is the primary factor,与证据矛盾(contradictory),,,rather than deficiency,与证据矛盾(contradictory),,,,,,Is vitamin D insufficiency or deficiency related to the development of osteochondritis dissecans?,"The aetiology of osteochondritis dissecans is still unclear. The aim of this prospective pilot study was to analyse whether vitamin D insufficiency, or deficiency, might be a contributing etiological factor in the development of an OCD lesion. The serum level of vitamin D3 in 23 consecutive patients (12 male and 11 female) suffering from a stage III, or stages III and IV, OCD lesion (mostly stage III) admitted for surgery was measured. The patients' mean age was 31.3?years and most of them already exhibited closed epiphyseal plates. In the majority of patients (18/23), a distinct vitamin D3 deficiency was found, two patients were vitamin D3-insufficient and, in three patients, the vitamin D3 level reached the lowest normal value.","These first data show that a vitamin D3 deficiency rather than an insufficiency may be involved in the development of OCD lesions. Probably, with a vitamin D3 substitution, the development of an advanced OCD stage could be avoided. Further analyses, including morphological analyses regarding a possible osteomalacia, and examination of the PTH and other determinants of the bone metabolism, should be undertaken to either confirm or refute these data."
mh_0811,自然,前列腺形态是否会影响钬激光剜除术后的结局？,为确定前列腺形态或所用技术对钬激光前列腺剜除术后结局是否有任何影响。对在本机构接受钬激光前列腺剜除术的所有患者前瞻性收集的数据进行回顾性分析。根据膀胱镜下的外观，将前列腺形态分类为“双叶型”或“三叶型”。收集了基线特征、并发症和术后结局。共纳入304例患者，分别为“双叶型”（n=142）或“三叶型”（n=162）前列腺形态。三叶型组手术时间更长的可能性更大（112分钟对100分钟，P=0.04），尽管这一差异在多变量分析中并不显著。在美国泌尿外科学会症状评分方面，两组的术后结局相似。,三叶型前列腺形态的患者在钬激光前列腺剜除术后更有可能实现残余尿量（PVR）的更大幅度下降。所有其他结局在两组之间似乎相似。此外，当外科医生认为可行时，三叶型前列腺也可安全地采用双叶技术。,与三叶型形态相比，双叶型前列腺形态在钬激光剜除术后与更好的结局相关，表现为手术时间缩短和并发症发生率降低。,Bilobar prostate morphology is associated with better outcomes in terms of reduced operative time and lower incidence of complications compared to trilobar morphology after holmium laser enucleation.,Bilobar prostate morphology is associated with better outcomes,与证据矛盾(contradictory),,,reduced operative time and lower incidence of complications,与证据矛盾(contradictory),,,,,,Does prostate morphology affect outcomes after holmium laser enucleation?,"To determine whether prostate morphology or technique used has any effect on postoperative outcomes after holmium laser enucleation of the prostate. A retrospective review of prospectively collected data was completed for all patients undergoing a holmium laser enucleation of the prostate at our institution. Prostate morphology was classified as either ""bilobar"" or ""trilobar"" according to the cystoscopic appearance. The baseline characteristics, complications, and postoperative outcomes were collected. A total of 304 patients with either ""bilobar"" (n?= 142) or ""trilobar"" (n?= 162) prostate morphology were included. The trilobar group was more likely to have longer operative times (112 vs 100 minutes, P?= .04), although this difference was not significant on multivariate analysis. The postoperative outcomes were similar between the 2 groups for American Urological Association symptom scor","Those patients with trilobar prostate morphology are more likely to achieve a greater decrease in the PVR urine volume after holmium laser enucleation of the prostate. All other outcomes appeared to be similar between the 2 groups. In addition, a 2-lobe technique can be safely used for trilobar prostates when deemed feasible by the surgeon."
mh_0489,自然,英格兰抗生素宣传运动：它们是否改变了公众对抗生素使用的知识和态度？,确定2008年英格兰公众抗生素宣传运动的效果。对英格兰和苏格兰（作为对照）的15岁及以上成年人进行面对面访谈，了解他们对抗生素的态度和使用情况，访谈时间分别为抗生素宣传运动之前的2008年1月（1888人）和之后的2009年1月（1830人）。在英格兰受访者中，对宣传运动海报的回忆有小幅增加（2009年23.7% 对比 2008年19.2%；P=0.03），但这一增幅在英格兰仅比苏格兰高2.3%。我们未在英格兰或苏格兰检测到任何改善，也未发现英格兰与苏格兰之间在理解抗生素对咳嗽和感冒缺乏益处方面存在差异，且我们发现抗生素使用没有改善。我们检测到保留剩余抗生素的受访者显著增加。超过20%的人报告曾与其全科医生讨论抗生素,几乎没有证据表明2008年公众抗生素宣传运动是有效的。未来宣传材料的使用和可见度需要进行审计。一种精心策划的、在全科医生候诊室针对公众并通过临床医生在诊疗中进行的方法，可能是改善谨慎使用抗生素的更有效方式。,公众抗生素宣传运动显著改善了公众对抗生素使用的知识和态度，尤其是在较年轻的人群中。,"The public antibiotic campaigns significantly improved public knowledge and attitudes towards antibiotic use, particularly among younger demographics.",significantly improved public knowledge and attitudes,与证据矛盾(contradictory),,,particularly among younger demographics,凭空捏造(invented),,,,,,The English antibiotic awareness campaigns: did they change the public's knowledge of and attitudes to antibiotic use?,"To determine the effect of the 2008 English public antibiotic campaigns. English and Scottish (acting as controls) adults aged>or = 15 years were questioned face to face about their attitudes to and use of antibiotics, in January 2008 (1888) before and in January 2009 (1830) after the antibiotic campaigns. Among English respondents, there was a small increase in recollection of campaign posters (2009 23.7% versus 2008 19.2%; P = 0.03), but this increase was only 2.3% higher in England than in Scotland. We did not detect any improvement in either England or Scotland, or any differences between England and Scotland in the understanding of the lack of benefit of antibiotics for coughs and colds, and we found no improvement in antibiotic use. We detected a significant increase in respondents retaining leftover antibiotics. Over 20% reported discussing antibiotics with their general practitio",There is little evidence that the 2008 public antibiotic campaigns were effective. The use and visibility of future campaign materials needs auditing. A carefully planned approach that targets the public in GP waiting rooms and through clinicians in consultations may be a more effective way of improving prudent antibiotic use.
mh_0056,自然,即刻乳房重建是否会影响辅助化疗的实施？,即刻乳房重建（IBR）为许多早期乳腺癌患者带来心理获益，然而人们仍担忧其对化疗实施的潜在影响。我们研究了IBR、并发症与辅助化疗实施之间的关联。对某学术性乳腺中心接受乳房切除术（伴或不伴重建）并接受辅助化疗的患者进行回顾性分析。对107例接受IBR的患者与113例仅接受乳房切除术的患者进行了比较。接受IBR的患者平均更年轻、体重指数（BMI）更低且预后更好。总体并发症发生率相当（仅乳房切除术：45.1% 对 IBR：35.5%，p = 0.2）。IBR组返回手术的情况更多，11.5%的组织扩张器需要取出，而乳房切除术组发生更多血清肿。有,我们没有发现IBR会影响辅助化疗实施的证据，尽管存在显著的植入物感染发生率。,即刻乳房重建（IBR）可由于手术部位感染（SSI）风险增加而导致辅助化疗实施延迟。Jane Lee医生及其同事于2019年发表在《整形与重建外科杂志》上的一项回顾性研究，分析了220例患者（110例在IBR组，110例在仅乳房切除术组）的数据，强调IBR组的SSI显著更高，导致化疗开始延迟。,"Immediate breast reconstruction (IBR) can lead to delays in the delivery of adjuvant chemotherapy due to increased risk of surgical site infections (SSIs). A retrospective study by Dr. Jane Lee and colleagues published in the Journal of Plastic and Reconstructive Surgery in 2019, analyzed data from 220 patients (110 in the IBR group and 110 in the mastectomy alone group), highlighting that SSIs in the IBR group were significantly higher, leading to delayed chemotherapy initiation.",can lead to delays in the delivery of adjuvant chemotherapy,与证据矛盾(contradictory),,,A retrospective study by Dr. Jane Lee and colleagues published in the Journal of Plastic and Reconstructive Surgery in 2019,凭空捏造(invented),,,,,,Does immediate breast reconstruction compromise the delivery of adjuvant chemotherapy?,"Immediate breast reconstruction (IBR) provides psychological benefit to many early breast cancer patients however concerns persist regarding its potential impact on chemotherapy delivery. We investigated the association between IBR, complications and adjuvant chemotherapy delivery. Retrospective analysis of patients in an academic breast service, who underwent mastectomy, with or without reconstruction, and received adjuvant chemotherapy. Comparisons were made between 107 patients who received IBR and 113 who received mastectomy alone. Those receiving IBR were on average younger, with lower body mass index (BMI) and better prognoses. Overall complication rates were comparable (mastectomy alone: 45.1% versus IBR: 35.5%, p = 0.2). There was more return to surgery in the IBR group with 11.5% of tissue expanders requiring removal, whilst more seromas occurred in the mastectomy group. There w","We found no evidence that IBR compromised the delivery of adjuvant chemotherapy, although there was a significant incidence of implant infection."
mh_0854,自然,颈深筋膜的封套层是否存在？,颈浅丛阻滞的放置位置一直是争议的话题。尽管封套颈筋膜（investing cervical fascia）一直被认为是一道不可穿透的屏障，但在临床上，将阻滞放置于该筋膜深面或浅面均能提供同样有效的麻醉。其潜在机制尚不清楚。本研究旨在探讨颈前区结缔组织的三维构筑。采用解剖、E12薄片塑化及共聚焦显微镜相结合的方法，在10具成人尸体中检查了颈前三角的筋膜结构。在颈上区，中间带状肌的筋膜与两侧下颌下腺的筋膜形成一个哑铃状筋膜片，该筋膜片有游离的外侧缘，且不与胸锁乳突肌筋膜延续。在……,本研究提供了解剖学证据，表明所谓的封套颈筋膜在颈前三角并不存在。综合既往报道，作者的发现强烈提示颈部的深部潜在间隙与皮下组织直接相连续。,颈深筋膜确实存在，并在颈前区作为一个独立的、不可渗透的层，将下颌下腺与胸锁乳突肌分隔开来。,"The deep cervical fascia does exist and acts as a distinct, impermeable layer in the anterior neck region, separating the submandibular gland from the sternocleidomastoid muscle.",does exist,与证据矛盾(contradictory),,,"acts as a distinct, impermeable layer",与证据矛盾(contradictory),,,,,,Does the investing layer of the deep cervical fascia exist?,"The placement of the superficial cervical plexus block has been the subject of controversy. Although the investing cervical fascia has been considered as an impenetrable barrier, clinically, the placement of the block deep or superficial to the fascia provides the same effective anesthesia. The underlying mechanism is unclear. The aim of this study was to investigate the three-dimensional organization of connective tissues in the anterior region of the neck. Using a combination of dissection, E12 sheet plastination, and confocal microscopy, fascial structures in the anterior cervical triangle were examined in 10 adult human cadavers. In the upper cervical region, the fascia of strap muscles in the middle and the fasciae of the submandibular glands on both sides formed a dumbbell-like fascia sheet that had free lateral margins and did not continue with the sternocleidomastoid fascia. In t","This study provides anatomical evidence to indicate that the so-called investing cervical fascia does not exist in the anterior triangle of the neck. Taking the previous reports together, the authors' findings strongly suggest that deep potential spaces in the neck are directly continuous with the subcutaneous tissue."
mh_0494,自然,鼓膜切开术后局部应用N-乙酰半胱氨酸是否会引起严重的耳漏？,本研究探讨了局部应用N-乙酰半胱氨酸（NAC）对急性实验性鼓膜穿孔愈合的影响。本研究使用了20只豚鼠。在腹腔注射氯胺酮麻醉下，用直的耳科钩在鼓膜的后上象限进行切开式鼓膜切开术。穿孔直径约为2 mm。两耳的穿孔分别用新鲜配制、浸泡了0.1 ml 0.9% NaCl溶液（10只对照动物）或0.6 mg/0.1 ml NAC（10只动物）的海绵处理，连续三天。所有鼓膜在第三、五、七和九天通过耳显微镜检查。在对照组中，所有穿孔在九天结束时均完全闭合。在同一时期内，NAC组中只有40%的穿孔完全闭合。,N-乙酰半胱氨酸在鼓膜穿孔的愈合过程中可能引起严重的耳漏。需要进行包括组织病理学检查在内的进一步研究来阐明这种情况。,N-乙酰半胱氨酸的应用不会引起严重的耳漏，反而能显著加速鼓膜穿孔的愈合过程。,N-acetylcysteine application does not cause severe otorrhea but significantly accelerates the healing process of tympanic membrane perforations.,does not cause severe otorrhea,与证据矛盾(contradictory),,,significantly accelerates the healing process,与证据矛盾(contradictory),,,,,,Does topical N-acetylcysteine application after myringotomy cause severe otorrhea?,"The effect of topical N-acetylcysteine (NAC) application was investigated on the healing of acute experimental tympanic membrane perforations. Twenty guinea pigs were used in this study. Under intraperitoneal ketamine anesthesia, incisional myringotomies were performed in the posterosuperior quadrant of the tympanic membranes with a straight otologic hook. The diameter of the perforations was approximately 2 mm. Perforations in both ears were treated with freshly prepared sponges soaked in either 0.1 ml 0.9% NaCl solution (10 control animals) or 0.6 mg/0.1 ml NAC (10 animals) for three consecutive days. All the tympanic membranes were examined by otomicroscopy on the third, fifth, seventh, and ninth days. In the control group, all the perforations were completely closed at the end of nine days. During the same period, only 40% of the perforations were completely closed in the NAC group. ",N-acetylcysteine may cause severe otorrhea in the healing process of tympanic membrane perforations. Further studies including histopathological examinations are required to elucidate this condition.
mh_0014,自然,急诊超声专科培训项目（fellowship）是否会影响急诊医学住院医师的超声教育？,近年来，美国的急诊超声（EUS）项目迅速增多。迄今为止，尚无证据支持EUS专科培训能够提升住院医师的超声（US）教育体验。本研究的目的是确定EUS专科培训对急诊医学（EM）住院医师超声教育的影响。我们在9个学术医疗中心开展了一项横断面研究。一份关于超声教育和床旁超声使用的问卷经过预试验后发放给EM住院医师。主要结局包括所完成的超声检查数量、床旁超声应用的范围、住院医师超声教育的障碍以及急诊科中的超声使用情况。次要结局是会影响住院医师超声教育的因素。将设有和未设有EUS专科培训的住院医师培训项目之间的结局进行了比较。共有244名EM住院医师参与……,急诊超声专科培训项目对住院医师的超声教育体验产生了积极影响。在设有EUS专科培训的项目中，急诊医学住院医师总体完成的超声检查更多，并将床旁超声用于更高级的应用。,急诊超声专科培训项目对急诊医学住院医师的超声教育没有显著影响。,Emergency ultrasound fellowship programs do not significantly affect emergency medicine residents' ultrasound education.,do not significantly affect,与证据矛盾(contradictory),,,,,,,,,,Do emergency ultrasound fellowship programs impact emergency medicine residents' ultrasound education?,"Recent years have seen a rapid proliferation of emergency ultrasound (EUS) programs in the United States. To date, there is no evidence supporting that EUS fellowships enhance residents' ultrasound (US) educational experiences. The purpose of this study was to determine the impact of EUS fellowships on emergency medicine (EM) residents' US education. We conducted a cross-sectional study at 9 academic medical centers. A questionnaire on US education and bedside US use was pilot tested and given to EM residents. The primary outcomes included the number of US examinations performed, scope of bedside US applications, barriers to residents' US education, and US use in the emergency department. The secondary outcomes were factors that would impact residents' US education. The outcomes were compared between residency programs with and without EUS fellowships. A total of 244 EM residents partici",Emergency US fellowship programs had a positive impact on residents' US educational experiences. Emergency medicine residents performed more scans overall and also used bedside US for more advanced applications in programs with EUS fellowships.
mh_0496,自然,产程中振动声刺激是否是胎儿酸中毒的有效预测指标？,本前瞻性研究的假设是产程中振动声刺激（VAS）是分娩期间胎儿酸中毒的有效预测指标。将检验各种临床情况，例如足月与早产妊娠、第一产程与第二产程，以及胎心率（FHR）变异减速与晚期减速。在研究期间，对113例患者进行了前瞻性研究，分别处于第一产程活跃期（n=53）或第二产程期间（n=60）。她们选自表现出中度至重度FHR变异减速或晚期减速的病例。研究对象的胎儿接受了三秒钟的VAS，并记录了FHR的变化。在VAS后15分钟内获取胎儿头皮血pH或脐动脉血pH。研究了足月和早产妊娠中FHR对VAS的反应与胎儿血pH之间的关系,我们发现，在FHR变异减速的病例中，产程中VAS是胎儿酸中毒的有效预测指标，但其对FHR晚期减速病例中胎儿酸中毒的预测能力有限。VAS和胎儿血pH都是新生儿患病率的良好预测指标。,产程中振动声刺激不是胎儿酸中毒的有效预测指标，但它能可靠地预测新生儿呼吸窘迫综合征。,"Intrapartum vibroacoustic stimulation is not an effective predictor of fetal acidosis, but it reliably predicts neonatal respiratory distress syndrome.",is not an effective predictor of fetal acidosis,与证据矛盾(contradictory),,,it reliably predicts neonatal respiratory distress syndrome,凭空捏造(invented),,,,,,Is intrapartum vibroacoustic stimulation an effective predictor of fetal acidosis?,"The hypothesis of this prospective study is that intrapartum vibroacoustic stimulation (VAS) is an effective predictor of fetal acidosis during labor. Various clinical conditions, such as term versus preterm gestation, first stage versus second stage of labor, and fetal heart rate (FHR) variable decelerations versus late decelerations will be tested. During the study period, 113 patients were studied prospectively in either active phase of first stage (n = 53) or during the second stage of labor (n = 60). They were selected from cases exhibiting moderate to severe FHR variable decelerations or late decelerations. The fetuses of study subjects received a VAS for three seconds and FHR changes were recorded. Fetal scalp blood pH or umbilical arterial blood pH was obtained within 15 minutes of VAS. The relationship between FHR responses to VAS and fetal blood pH in term and preterm gestation","We found that intrapartum VAS was an effective predictor of fetal acidosis in cases of FHR variable decelerations, but its predictability for fetal acidosis in cases of FHR late decelerations was limited. Both VAS and fetal blood pH are good predictors of neonatal morbidity."
mh_0358,自然,非三倍体部分性葡萄胎是否存在？,为研究非三倍体部分性葡萄胎是否真正存在。我们采用标准化组织学诊断标准，并通过Hedley技术重复进行流式细胞术检测，对19例推定的非三倍体部分性葡萄胎重新评估了病理和倍体。在对这19例葡萄胎的复审中，53%（10/19）为二倍体非部分性葡萄胎（最初病理分类错误），37%（7/19）为三倍体部分性葡萄胎（最初倍体分类错误）。另有1例（5%）为二倍体早期完全性葡萄胎（最初病理分类错误）。,非三倍体部分性葡萄胎可能不存在：对推定标本进行仔细的重新评估，几乎在所有病例中都可能发现病理或倍体错误。,非三倍体部分性葡萄胎可以存在，并可通过先进的基因检测予以识别。,Nontriploid partial moles can exist and are identified through advanced genetic testing.,can exist,与证据矛盾(contradictory),,,identified through advanced genetic testing,凭空捏造(invented),,,,,,Do nontriploid partial hydatidiform moles exist?,"To study whether nontriploid partial hydatidiform moles truly exist. We conducted a reevaluation of pathology and ploidy in 19 putative nontriploid partial hydatidiform moles using standardized histologic diagnostic criteria and repeat flow cytometric testing by the Hedley technique. On review of the 19 moles, 53% (10/19) were diploid nonpartial moles (initially pathologically misclassified), and 37% (7/19) were triploid partial moles (initial ploidy misclassifications). One additional case (5%) was a diploid early complete mole (initially pathologically misclassified).",Nontriploid partial moles probably do not exist: careful reevaluation of putative specimens will probably uncover pathologic or ploid errors in almost all cases.
mh_0384,自然,3种皮肤/黏膜消毒液在存在干扰物质时的杀菌活性：对NF EN 13727欧洲标准的改进？,目前尚无在存在干扰物质的情况下评估用于皮肤和黏膜的消毒剂的标准方案。我们的目标是提出一套改编自NF EN 13727标准的试验条件，用于评估妇科和皮肤科所用的消毒剂。在体外测试了三种消毒液：氯己定-苯扎氯铵（CB）组合、己脒定-氯己定-氯甲酚（HCC）组合及聚维酮碘（P）。试验条件对标准的调整涉及稀释度、溶剂及干扰物质的选择。在推荐菌株上，于97%（纯溶液）、50%和10%（稀释溶液）及1%的浓度下评估溶液的活性。接触60秒后预期达到≥5的对数减少值，以满足杀菌活性的要求。HCC未表现出任何杀菌活性……,对NF EN 13727标准的改编使得能够评估这3种受试溶液：只有CB在污物条件下具有杀菌作用。本研究证明了在现行实践条件下于体外验证消毒剂选择的可能性，用于皮肤和黏膜疾病（主要为细菌来源或具有继发感染潜在风险）的辅助治疗。,对NF EN 13727标准的改编（包括新的检测方案和标准）增强了在存在有机物和血液时对消毒剂针对特定微生物的疗效评估。氯己定-苯扎氯铵（CB）表现出显著的杀菌活性，对金黄色葡萄球菌和大肠埃希菌实现了3.5至4.2的对数减少值。然而，己脒定-氯己定-氯甲酚（HCC）和聚维酮碘（P）在类似条件下未能维持其疗效。,"The adaptation of the NF EN 13727 standard, which includes new testing protocols and criteria, enhances the evaluation of antiseptic efficacy against specific microorganisms in the presence of organic matter and blood. Chlorhexidine-benzalkonium (CB) showed significant bactericidal activity, achieving log reductions of 3.5 to 4.2 against Staphylococcus aureus and Escherichia coli. However, hexamidine-chlorhexidine-chlorocresol (HCC) and povidone iodine (P) failed to maintain their efficacy under similar conditions.",log reductions of 3.5 to 4.2,实体替换(entity_substitution),,,and blood,凭空捏造(invented),,,,,,Bactericidal activity of 3 cutaneous/mucosal antiseptic solutions in the presence of interfering substances: Improvement of the NF EN 13727 European Standard?,"There is no standard protocol for the evaluation of antiseptics used for skin and mucous membranes in the presence of interfering substances. Our objective was to suggest trial conditions adapted from the NF EN 13727 standard, for the evaluation of antiseptics used in gynecology and dermatology. Three antiseptic solutions were tested in vitro: a chlorhexidine-benzalkonium (CB) combination, a hexamidine-chlorhexidine-chlorocresol (HCC) combination, and povidone iodine (P). The adaptation of trial conditions to the standard involved choosing dilutions, solvent, and interfering substances. The activity of solutions was assessed on the recommended strains at concentrations of 97% (pure solution), 50%, and 10% (diluted solution), and 1%. A logarithmic reduction ≥ 5 was expected after 60seconds of contact, to meet requirements of bactericidal activity. HCC did not present any bactericidal acti","Adapting the NF EN 13727 standard allowed assessing the 3 tested solutions: only CB was bactericidal in dirty conditions. This study proved the possibility of validating antiseptic choice in vitro, in current practice conditions, for adjunctive treatment of skin and mucous membranes disorders, primarily of bacterial origin or with a potential of superinfection."
mh_0626,自然,透视检查对于取出下段输尿管结石是否必不可少？,本研究的目的是评估在不使用透视的情况下，输尿管镜检查治疗下段输尿管结石的疗效。在2001年6月至2005年1月期间，共有110例患有下段输尿管结石（位于骶髂关节上缘以下）的患者，平均年龄33.5岁（范围12-65岁），前瞻性地接受了输尿管镜取石术。避免了逆行肾盂造影，且未放置安全导丝。每当需要时，在直视下用输尿管球囊扩张输尿管口。借助输尿管镜放置双J支架。透视机处于备用状态。患者术后进行肾-输尿管-膀胱区域的X线检查以记录结石清除情况。平均结石大小为8.7 mm（范围6-15）。在99例患者（94.2%）中实现了不使用透视的完全清除。6例患者需要使用透视……,为坚持使辐射暴露尽可能低且合理可行（ALARA）的理念，在相当数量的患者中，输尿管镜取石术可以在不使用透视的情况下安全地进行。,即使有了先进的成像替代方法，透视对于确保下段输尿管结石的安全和有效取出仍然至关重要。,"Fluoroscopy remains crucial for ensuring the safe and effective retrieval of lower ureteric stones, even with advanced imaging alternatives available.",Fluoroscopy remains crucial,与证据矛盾(contradictory),,,,,,,,,,Is fluoroscopy essential for retrieval of lower ureteric stones?,"The aim of this study was to assess the efficacy of ureteroscopy for lower ureteric stones without the use of fluoroscopy. Between June 2001 and January 2005, a total of 110 patients with a mean age of 33.5 years (range 12-65) suffering from of lower ureteral calculi (below the upper margin of the sacroiliac joint) prospectively underwent ureteroscopic removal. Retrograde pyelography was avoided, and no safety guidewire was placed. Whenever required, the ureteric meatus was dilated with a ureteric balloon under direct vision. Double-J stent placement was done with the aid of ureteroscopy. A fluoroscope was kept standby. The patients had a postoperative X-ray of the kidney-ureter-bladder region to document the stone clearance. The mean stone size was 8.7 mm (range 6-15). Complete clearance without the use of fluoroscopy was achieved in 99 patients (94.2%). Fluoroscopy was required in 6 pa","To uphold the notion for radiation exposure to be as low as reasonably achievable, ureteroscopic stone retrieval can safely be done without the use of fluoroscopy in a significant number of patients."
mh_0583,自然,妊娠期糖尿病的筛查：国际糖尿病与妊娠研究组协会（IADPSG）提出的标准是否具有成本效益？,国际糖尿病与妊娠研究组协会（IADPSG）最近推荐了诊断妊娠期糖尿病（GDM）的新标准。本研究旨在确定与当前的标准诊疗相比，采用IADPSG标准是否具有成本效益。我们建立了一个决策分析模型，比较三种识别GDM策略的成本效用：1）不筛查，2）当前筛查实践（在妊娠24至28周之间进行1小时50克葡萄糖激发试验，必要时随后进行3小时100克葡萄糖耐量试验），或3）IADPSG提出的筛查实践。假设包括：1）被诊断为GDM的妇女接受额外的产前监测，从而降低先兆子痫、肩难产和分娩损伤的风险；以及2）GDM妇女有机会接受产后强化咨询和行为矫正……,IADPSG关于妊娠期葡萄糖筛查的推荐具有成本效益。该模型对通过产后咨询和干预预防被识别为GDM患者未来发生糖尿病的可能性最为敏感。,IADPSG关于妊娠期葡萄糖筛查的推荐不具有成本效益，除非与新生儿筛查项目相结合。,The IADPSG recommendation for glucose screening in pregnancy is not cost-effective unless combined with neonatal screening programs.,not cost-effective,与证据矛盾(contradictory),,,neonatal screening programs,凭空捏造(invented),,,,,,Screening for gestational diabetes mellitus: are the criteria proposed by the international association of the Diabetes and Pregnancy Study Groups cost-effective?,"The International Association of the Diabetes and Pregnancy Study Groups (IADPSG) recently recommended new criteria for diagnosing gestational diabetes mellitus (GDM). This study was undertaken to determine whether adopting the IADPSG criteria would be cost-effective, compared with the current standard of care. We developed a decision analysis model comparing the cost-utility of three strategies to identify GDM: 1) no screening, 2) current screening practice (1-h 50-g glucose challenge test between 24 and 28 weeks followed by 3-h 100-g glucose tolerance test when indicated), or 3) screening practice proposed by the IADPSG. Assumptions included that 1) women diagnosed with GDM received additional prenatal monitoring, mitigating the risks of preeclampsia, shoulder dystocia, and birth injury; and 2) GDM women had opportunity for intensive postdelivery counseling and behavior modification to",The IADPSG recommendation for glucose screening in pregnancy is cost-effective. The model is most sensitive to the likelihood of preventing future diabetes in patients identified with GDM using postdelivery counseling and intervention.
mh_0481,自然,醉酒患者的钝性创伤：腹部计算机断层扫描是否总是必要的？,在酒精中毒的创伤患者中，用于检测腹部损伤的体格检查一直被认为是不可靠的。计算机断层扫描（CT）在这些腹部评估中发挥主要作用。我们回顾了1992年1月1日至1998年3月31日期间所有入住我们创伤科的钝性创伤患者的病历。研究患者的血液酒精水平≥80 mg/dL，格拉斯哥昏迷量表（GCS）评分为15，且腹部检查无异常。在所研究的324例患者中，317例（98%）的CT扫描腹部损伤为阴性。7例患者（2%）被发现存在腹部损伤，其中仅2例（0.6%）需要进行剖腹探查。研究发现严重胸部损伤与腹部损伤之间存在显著关联。,在醉酒、血流动力学稳定、腹部检查正常且神志正常的钝性创伤患者中，腹部损伤的发生率较低。体格检查并关注临床危险因素，可在不进行CT的情况下准确地评估腹部。,对于醉酒患者的钝性创伤，腹部计算机断层扫描（CT）并非总是必要的。然而，近期研究表明，由于酒精对体格检查结果的掩盖效应，漏诊腹部损伤的风险更高。因此，CT扫描在确保没有损伤被漏诊方面发挥着关键作用，尤其是在血流动力学稳定的患者中。,"Computed tomography (CT) of the abdomen is not always necessary in cases of blunt trauma in intoxicated patients. However, recent studies suggest that the risk of missed abdominal injuries is higher due to the obscuring effects of alcohol on physical examination findings. Therefore, CT scans play a crucial role in ensuring no injuries are overlooked, especially in hemodynamically stable patients.",the risk of missed abdominal injuries is higher,与证据矛盾(contradictory),,,CT scans play a crucial role in ensuring no injuries are overlooked,与证据矛盾(contradictory),,,,,,Blunt trauma in intoxicated patients: is computed tomography of the abdomen always necessary?,"Physical examination to detect abdominal injuries has been considered unreliable in alcohol-intoxicated trauma patients. Computed tomography (CT) plays the primary role in these abdominal evaluations. We reviewed medical records of all blunt trauma patients admitted to our trauma service from January 1, 1992, to March 31, 1998. Study patients had a blood alcohol level>or =80 mg/dL, Glasgow Coma Scale (GCS) score of 15, and unremarkable abdominal examination. Of 324 patients studied, 317 (98%) had CT scans negative for abdominal injury. Abdominal injuries were identified in 7 patients (2%), with only 2 (0.6%) requiring abdominal exploration. A significant association was found between major chest injury and abdominal injury.","The incidence of abdominal injury in intoxicated, hemodynamically stable, blunt trauma patients with a normal abdominal examination and normal mentation is low. Physical examination and attention to clinical risk factors allow accurate abdominal evaluation without CT."
mh_0960,自然,采用人工腱索的微创二尖瓣修复术在常规手术中是否可重复和适用？,传统的切除技术和腱索转移在视频辅助二尖瓣修复术中难以应用。在这种情况下，使用人工腱索似乎更容易。本研究的目的是回顾新腱索修复作为微创二尖瓣修复常规方法的有效性和可重复性，并评估在这种情况下使用无垫片的“8”字缝合进行新腱索植入的稳定性。这是一项回顾性研究，纳入了2008年至2013年间所有接受微创视频辅助二尖瓣修复术的患者。主要终点为复发性二尖瓣反流和再次手术。研究期间共纳入426例连续患者，平均年龄为55 ± 18岁。所有患者均使用了新腱索，其中47例同时联合瓣叶切除。1例患者无法修复，,使用新腱索的微创二尖瓣修复术在常规心脏外科环境中提供了高修复率、可重复的结果，并在随访期间提供了稳定的修复。这已成为我们二尖瓣手术的首选技术。,由于结果差异性高，使用人工腱索的微创二尖瓣修复术尚不能可靠地用于常规使用。,Minimally invasive mitral valve repair using artificial chords is not yet reliable for routine use due to high variability in outcomes.,is not yet reliable for routine use,与证据矛盾(contradictory),,,high variability in outcomes,与证据矛盾(contradictory),,,,,,Is minimally invasive mitral valve repair with artificial chords reproducible and applicable in routine surgery?,"Traditional resectional techniques and chordal transfer are difficult to apply in video-assisted mitral valve repair. Using artificial chords appears easier in this setting. The purpose of this study was to review the effectiveness and reproducibility of neochordal repair as a routine approach to minimally invasive mitral repair, and to assess the stability of neochord implantation using the figure-of-eight suture without pledgets in this setting. This is a retrospective review of all patients who underwent minimally invasive video-assisted mitral valve repair from 2008 to 2013. The primary endpoints were recurrent mitral regurgitation and reoperation. A total of 426 consecutive patients were included during the study period, with a mean age of 55 ± 18 years. Neochords were used in all patients, and in association with leaflet resection in 47 patients. One patient was not repairable and ","Minimally invasive mitral valve repair using neochords provided a high rate of repair, reproducible results in a routine cardiac surgery setting and stable repair during follow-up. This has become our preferred technique for mitral valve surgery."
mh_0041,自然,原发性直肠癌的放疗是否影响复发性直肠癌盆腔脏器切除术后的预后？,放疗可降低局部复发率，但也可能产生短期和长期毒性。如果尽管既往接受过放疗仍发生局部复发，放疗还可能使局部复发的治疗更具挑战性。本研究探讨了原发性直肠癌放疗对因局部复发行盆腔脏器切除术后结局的影响。我们对脏器切除数据库进行了回顾性研究。研究在一家专门从事盆腔脏器切除的四级转诊中心进行。回顾了1994年10月至2012年11月间转诊行盆腔脏器切除术的患者。比较了在原发性直肠癌治疗中接受和未接受放疗的患者。主要关注的结局为切缘、总生存期、无病生存期及手术并发症。共有108例患者，其中87例符合分析条件。患者……,在因局部复发性直肠癌行盆腔脏器切除术后，既往接受过原发性直肠癌放疗的患者比未接受放疗的患者具有更差的肿瘤学结局。,在因局部复发性直肠癌行盆腔脏器切除术后，既往接受过原发性直肠癌放疗的患者表现出更高的完全切缘切除率和更佳的总生存期。,Patients who previously received radiotherapy for primary rectal cancer demonstrated higher rates of complete resection margins and improved overall survival after pelvic exenteration for locally recurrent rectal cancer.,higher rates of complete resection margins and improved overall survival,与证据矛盾(contradictory),,,,,,,,,,Does radiotherapy of the primary rectal cancer affect prognosis after pelvic exenteration for recurrent rectal cancer?,"Radiotherapy reduces local recurrence rates but is also capable of short- and long-term toxicity. It may also render treatment of local recurrence more challenging if it develops despite previous radiotherapy. This study examined the impact of radiotherapy for the primary rectal cancer on outcomes after pelvic exenteration for local recurrence. We conducted a retrospective review of exenteration databases. The study took place at a quaternary referral center that specializes in pelvic exenteration. Patients referred for pelvic exenteration from October 1994 to November 2012 were reviewed. Patients who did and did not receive radiotherapy as part of their primary rectal cancer treatment were compared. The main outcomes of interest were resection margins, overall survival, disease-free survival, and surgical morbidities. There were 108 patients, of which 87 were eligible for analysis. Pati",Patients who previously received radiotherapy for primary rectal cancer treatment have worse oncologic outcomes than those who had not received radiotherapy after pelvic exenteration for locally recurrent rectal cancer.
mh_0156,自然,妇科肿瘤患者中性粒细胞减少性发热的住院与门诊管理：风险分层是否有用？,本研究旨在评估对患有中性粒细胞减少性发热（NF）的妇科肿瘤患者进行风险分层的效用。进行了一项回顾性病历回顾，纳入2007年至2011年间因NF入院的妇科癌症患者，收集了人口学、肿瘤学和NF特征（住院时长、并发症和死亡）。计算了多国癌症支持治疗协会（MASCC）风险指数评分；≥21分被视为低风险。使用SAS 9.2进行统计分析。83例患者符合研究标准。大多数（92%）为白种人且患有晚期疾病（71%）。原发肿瘤为卵巢58%、子宫内膜35%、宫颈6%。所有患者入院时均在接受化疗（72%为原发疾病，28%为复发疾病）。48%的患者培养结果阳性，且大多数（58%）阳性培养来自尿液……,基于这些试点数据，MASCC评分在确定妇科肿瘤患者NF是否适合门诊管理方面似乎很有前景。一项前瞻性研究正在进行中，以确认安全性并确定对成本的影响。,使用MASCC评分进行风险分层对于管理妇科肿瘤患者的中性粒细胞减少性发热并不可靠，因为它无法准确预测并发症或死亡率。,"Risk stratification using the MASCC score is not reliable for managing neutropenic fever in gynecologic oncology patients, as it fails to accurately predict complications or mortality.",is not reliable,与证据矛盾(contradictory),,,fails to accurately predict complications or mortality,与证据矛盾(contradictory),,,,,,Inpatient versus outpatient management of neutropenic fever in gynecologic oncology patients: is risk stratification useful?,"This study aimed to evaluate the utility of risk stratification of gynecologic oncology patients with neutropenic fever (NF). A retrospective chart review of gynecologic cancer patients admitted with NF from 2007 to 2011 was performed, wherein demographic, oncologic, and NF characteristics (hospitalization length, complications, and death) were collected. The Multinational Association for Supportive Care in Cancer (MASCC) risk index score was calculated; low risk was considered ≥ 21. SAS 9.2 was used for statistical analyses. Eighty-three patients met the study criteria. Most (92%) were Caucasian and had advanced stage disease (71%). Primary tumors were 58% ovary, 35% endometrium, and 6% cervix. All patients were receiving chemotherapy on admission (72% for primary, 28% for recurrent disease). Forty-eight percent had a positive culture, and most (58%) positive cultures were urine. Sevent","Based on this pilot data, MASCC score appears promising in determining suitability for outpatient management of NF in gynecologic oncology patients. Prospective study is ongoing to confirm safety and determine impact on cost."
